DROP DATABASE IF EXISTS `mfish_nocode`;
CREATE DATABASE  `mfish_nocode` DEFAULT CHARACTER SET utf8mb4 COLLATE utf8mb4_general_ci;
SET NAMES utf8mb4;
SET FOREIGN_KEY_CHECKS = 0;
USE `mfish_nocode`;

-- ----------------------------
-- Table structure for qrtz_blob_triggers
-- ----------------------------
DROP TABLE IF EXISTS `qrtz_blob_triggers`;
CREATE TABLE `qrtz_blob_triggers`  (
  `SCHED_NAME` varchar(120) CHARACTER SET utf8mb4 COLLATE utf8mb4_general_ci NOT NULL,
  `TRIGGER_NAME` varchar(200) CHARACTER SET utf8mb4 COLLATE utf8mb4_general_ci NOT NULL,
  `TRIGGER_GROUP` varchar(200) CHARACTER SET utf8mb4 COLLATE utf8mb4_general_ci NOT NULL,
  `BLOB_DATA` blob NULL,
  PRIMARY KEY (`SCHED_NAME`, `TRIGGER_NAME`, `TRIGGER_GROUP`) USING BTREE,
  CONSTRAINT `qrtz_blob_triggers_ibfk_1` FOREIGN KEY (`SCHED_NAME`, `TRIGGER_NAME`, `TRIGGER_GROUP`) REFERENCES `qrtz_triggers` (`SCHED_NAME`, `TRIGGER_NAME`, `TRIGGER_GROUP`) ON DELETE RESTRICT ON UPDATE RESTRICT
) ENGINE = InnoDB CHARACTER SET = utf8mb4 COLLATE = utf8mb4_general_ci ROW_FORMAT = DYNAMIC;

-- ----------------------------
-- Records of qrtz_blob_triggers
-- ----------------------------

-- ----------------------------
-- Table structure for qrtz_calendars
-- ----------------------------
DROP TABLE IF EXISTS `qrtz_calendars`;
CREATE TABLE `qrtz_calendars`  (
  `SCHED_NAME` varchar(120) CHARACTER SET utf8mb4 COLLATE utf8mb4_general_ci NOT NULL,
  `CALENDAR_NAME` varchar(200) CHARACTER SET utf8mb4 COLLATE utf8mb4_general_ci NOT NULL,
  `CALENDAR` blob NOT NULL,
  PRIMARY KEY (`SCHED_NAME`, `CALENDAR_NAME`) USING BTREE
) ENGINE = InnoDB CHARACTER SET = utf8mb4 COLLATE = utf8mb4_general_ci ROW_FORMAT = DYNAMIC;

-- ----------------------------
-- Records of qrtz_calendars
-- ----------------------------

-- ----------------------------
-- Table structure for qrtz_cron_triggers
-- ----------------------------
DROP TABLE IF EXISTS `qrtz_cron_triggers`;
CREATE TABLE `qrtz_cron_triggers`  (
  `SCHED_NAME` varchar(120) CHARACTER SET utf8mb4 COLLATE utf8mb4_general_ci NOT NULL,
  `TRIGGER_NAME` varchar(200) CHARACTER SET utf8mb4 COLLATE utf8mb4_general_ci NOT NULL,
  `TRIGGER_GROUP` varchar(200) CHARACTER SET utf8mb4 COLLATE utf8mb4_general_ci NOT NULL,
  `CRON_EXPRESSION` varchar(200) CHARACTER SET utf8mb4 COLLATE utf8mb4_general_ci NOT NULL,
  `TIME_ZONE_ID` varchar(80) CHARACTER SET utf8mb4 COLLATE utf8mb4_general_ci NULL DEFAULT NULL,
  PRIMARY KEY (`SCHED_NAME`, `TRIGGER_NAME`, `TRIGGER_GROUP`) USING BTREE,
  CONSTRAINT `qrtz_cron_triggers_ibfk_1` FOREIGN KEY (`SCHED_NAME`, `TRIGGER_NAME`, `TRIGGER_GROUP`) REFERENCES `qrtz_triggers` (`SCHED_NAME`, `TRIGGER_NAME`, `TRIGGER_GROUP`) ON DELETE RESTRICT ON UPDATE RESTRICT
) ENGINE = InnoDB CHARACTER SET = utf8mb4 COLLATE = utf8mb4_general_ci ROW_FORMAT = DYNAMIC;

-- ----------------------------
-- Records of qrtz_cron_triggers
-- ----------------------------
INSERT INTO `qrtz_cron_triggers` VALUES ('MfishClusteredScheduler', '08ad4b1288124f4b9712649b877aa556', 'DEFAULT', ' 5 * * ? * *', 'Asia/Shanghai');
INSERT INTO `qrtz_cron_triggers` VALUES ('MfishClusteredScheduler', '2cc03b7e0d64485aa13278e2995360bd', 'DEFAULT', '1 * * ? * *', 'Asia/Shanghai');
INSERT INTO `qrtz_cron_triggers` VALUES ('MfishClusteredScheduler', '8377500878874c03b4e4b24bf47e212d', 'DEFAULT', '30 * * ? * *', 'Asia/Shanghai');
INSERT INTO `qrtz_cron_triggers` VALUES ('MfishClusteredScheduler', '9d44af0c2f604c7fa355902ea4a9485c', 'DFAULT', '0 * * ? * *', 'Asia/Shanghai');

-- ----------------------------
-- Table structure for qrtz_fired_triggers
-- ----------------------------
DROP TABLE IF EXISTS `qrtz_fired_triggers`;
CREATE TABLE `qrtz_fired_triggers`  (
  `SCHED_NAME` varchar(120) CHARACTER SET utf8mb4 COLLATE utf8mb4_general_ci NOT NULL,
  `ENTRY_ID` varchar(95) CHARACTER SET utf8mb4 COLLATE utf8mb4_general_ci NOT NULL,
  `TRIGGER_NAME` varchar(200) CHARACTER SET utf8mb4 COLLATE utf8mb4_general_ci NOT NULL,
  `TRIGGER_GROUP` varchar(200) CHARACTER SET utf8mb4 COLLATE utf8mb4_general_ci NOT NULL,
  `INSTANCE_NAME` varchar(200) CHARACTER SET utf8mb4 COLLATE utf8mb4_general_ci NOT NULL,
  `FIRED_TIME` bigint(13) NOT NULL,
  `SCHED_TIME` bigint(13) NOT NULL,
  `PRIORITY` int(11) NOT NULL,
  `STATE` varchar(16) CHARACTER SET utf8mb4 COLLATE utf8mb4_general_ci NOT NULL,
  `JOB_NAME` varchar(200) CHARACTER SET utf8mb4 COLLATE utf8mb4_general_ci NULL DEFAULT NULL,
  `JOB_GROUP` varchar(200) CHARACTER SET utf8mb4 COLLATE utf8mb4_general_ci NULL DEFAULT NULL,
  `IS_NONCONCURRENT` varchar(1) CHARACTER SET utf8mb4 COLLATE utf8mb4_general_ci NULL DEFAULT NULL,
  `REQUESTS_RECOVERY` varchar(1) CHARACTER SET utf8mb4 COLLATE utf8mb4_general_ci NULL DEFAULT NULL,
  PRIMARY KEY (`SCHED_NAME`, `ENTRY_ID`) USING BTREE
) ENGINE = InnoDB CHARACTER SET = utf8mb4 COLLATE = utf8mb4_general_ci ROW_FORMAT = DYNAMIC;

-- ----------------------------
-- Records of qrtz_fired_triggers
-- ----------------------------

-- ----------------------------
-- Table structure for qrtz_job
-- ----------------------------
DROP TABLE IF EXISTS `qrtz_job`;
CREATE TABLE `qrtz_job`  (
  `id` varchar(32) CHARACTER SET utf8mb4 COLLATE utf8mb4_general_ci NOT NULL COMMENT '任务ID',
  `job_name` varchar(100) CHARACTER SET utf8mb4 COLLATE utf8mb4_general_ci NOT NULL DEFAULT '' COMMENT '任务名称',
  `job_group` varchar(100) CHARACTER SET utf8mb4 COLLATE utf8mb4_general_ci NOT NULL DEFAULT 'DEFAULT' COMMENT '任务组',
  `job_type` tinyint(1) NULL DEFAULT NULL COMMENT '任务类型(0 本地任务 1 RPC远程调用任务 2 MQ消息任务)',
  `class_name` varchar(100) CHARACTER SET utf8mb4 COLLATE utf8mb4_general_ci NOT NULL COMMENT '类名称',
  `method_name` varchar(100) CHARACTER SET utf8mb4 COLLATE utf8mb4_general_ci NULL DEFAULT NULL COMMENT '方法名称',
  `params` varchar(500) CHARACTER SET utf8mb4 COLLATE utf8mb4_general_ci NULL DEFAULT NULL COMMENT '调用参数',
  `allow_concurrent` tinyint(1) NULL DEFAULT 0 COMMENT '允许并发执行（0不允许 1允许）',
  `misfire_handler` tinyint(1) NULL DEFAULT 1 COMMENT '过期策略（1立即执行一次 2放弃执行 ）',
  `status` tinyint(1) NULL DEFAULT 0 COMMENT '状态（0正常 1停用）',
  `time_zone` varchar(50) CHARACTER SET utf8mb4 COLLATE utf8mb4_general_ci NULL DEFAULT NULL COMMENT '时区',
  `priority` int(11) NULL DEFAULT NULL COMMENT '优先级',
  `remark` varchar(1000) CHARACTER SET utf8mb4 COLLATE utf8mb4_general_ci NULL DEFAULT '' COMMENT '备注信息',
  `log_type` tinyint(1) NULL DEFAULT 0 COMMENT '日志类型(0入库日志 1文件日志)',
  `create_by` varchar(64) CHARACTER SET utf8mb4 COLLATE utf8mb4_general_ci NULL DEFAULT '' COMMENT '创建者',
  `create_time` datetime NULL DEFAULT NULL COMMENT '创建时间',
  `update_by` varchar(64) CHARACTER SET utf8mb4 COLLATE utf8mb4_general_ci NULL DEFAULT '' COMMENT '更新者',
  `update_time` datetime NULL DEFAULT NULL COMMENT '更新时间',
  PRIMARY KEY (`id`, `job_name`, `job_group`) USING BTREE
) ENGINE = InnoDB CHARACTER SET = utf8mb4 COLLATE = utf8mb4_general_ci COMMENT = '定时调度任务' ROW_FORMAT = DYNAMIC;

-- ----------------------------
-- Records of qrtz_job
-- ----------------------------
INSERT INTO `qrtz_job` VALUES ('357b8d7dac67eaf0a1a0ce369ec25462', '远程调用测试', 'DEFAULT', 1, 'cn.com.mfish.common.oauth.api.remote.RemoteUserService', 'getUserById', '[\n  \"inner\",\n  \"1\"\n]', 0, 1, 1, 'Asia/Shanghai', 1, '远程调用用户接口测试', 1, 'admin', '2023-02-24 23:09:49', 'admin', '2024-01-31 20:49:13');
INSERT INTO `qrtz_job` VALUES ('4ce14a9ba39b771cae9245b737396eb9', '类参数测试', 'DEFAULT', 0, 'cn.com.mfish.scheduler.job.MfJob', 'test', '[\n  {\n    \"type\": \"java.lang.String\",\n    \"value\": \"inner\"\n  },\n  {\n    \"type\": \"cn.com.mfish.sys.api.entity.SysLog\",\n    \"value\": {\n      \"title\": \"aaaa\"\n    }\n  }\n]', 0, 1, 1, 'Asia/Shanghai', 1, '', 0, 'admin', '2023-09-14 15:18:19', 'admin', '2024-01-31 20:49:12');
INSERT INTO `qrtz_job` VALUES ('895baafe9caa9afd089f54d7c3932a25', '任务调度测试', 'DEFAULT', 2, 'cn.com.mfish.consume.job.ConsumerJob', 'test', '', 0, 1, 1, 'Asia/Shanghai', 1, '', 0, 'admin', '2023-02-26 19:58:23', 'admin', '2023-05-20 11:46:18');
INSERT INTO `qrtz_job` VALUES ('908c3637e3c9914eb97f4576f187d668', '本地调用测试', 'DFAULT', 0, 'cn.com.mfish.scheduler.job.MfJob', 'test', '[\n  \"本地测试\"\n]', 0, 1, 1, 'Asia/Shanghai', 1, '本地单个参数测试', 1, 'admin', '2023-02-24 23:02:42', 'admin', '2024-01-31 20:49:14');

-- ----------------------------
-- Table structure for qrtz_job_details
-- ----------------------------
DROP TABLE IF EXISTS `qrtz_job_details`;
CREATE TABLE `qrtz_job_details`  (
  `SCHED_NAME` varchar(120) CHARACTER SET utf8mb4 COLLATE utf8mb4_general_ci NOT NULL,
  `JOB_NAME` varchar(200) CHARACTER SET utf8mb4 COLLATE utf8mb4_general_ci NOT NULL,
  `JOB_GROUP` varchar(200) CHARACTER SET utf8mb4 COLLATE utf8mb4_general_ci NOT NULL,
  `DESCRIPTION` varchar(250) CHARACTER SET utf8mb4 COLLATE utf8mb4_general_ci NULL DEFAULT NULL,
  `JOB_CLASS_NAME` varchar(250) CHARACTER SET utf8mb4 COLLATE utf8mb4_general_ci NOT NULL,
  `IS_DURABLE` varchar(1) CHARACTER SET utf8mb4 COLLATE utf8mb4_general_ci NOT NULL,
  `IS_NONCONCURRENT` varchar(1) CHARACTER SET utf8mb4 COLLATE utf8mb4_general_ci NOT NULL,
  `IS_UPDATE_DATA` varchar(1) CHARACTER SET utf8mb4 COLLATE utf8mb4_general_ci NOT NULL,
  `REQUESTS_RECOVERY` varchar(1) CHARACTER SET utf8mb4 COLLATE utf8mb4_general_ci NOT NULL,
  `JOB_DATA` blob NULL,
  PRIMARY KEY (`SCHED_NAME`, `JOB_NAME`, `JOB_GROUP`) USING BTREE
) ENGINE = InnoDB CHARACTER SET = utf8mb4 COLLATE = utf8mb4_general_ci ROW_FORMAT = DYNAMIC;

-- ----------------------------
-- Records of qrtz_job_details
-- ----------------------------
INSERT INTO `qrtz_job_details` VALUES ('MfishClusteredScheduler', 'aaa:[094917e92aab2c6d01e4c24653ffcb86]', 'aaa', '', 'cn.com.mfish.scheduler.execute.DisallowConcurrentJobExecute', '1', '1', '0', '0', 0x230D0A234D6F6E204665622032372030393A34373A35342043535420323032330D0A6A6F625F646174615F6D61703D7B22616C6C6F77436F6E63757272656E74225C3A302C22636C6173734E616D65225C3A22616161222C226964225C3A223039343931376539326161623263366430316534633234363533666663623836222C226A6F6247726F7570225C3A22616161222C226A6F624E616D65225C3A22616161222C226A6F6254797065225C3A302C226D6574686F644E616D65225C3A22616161222C226D69736669726548616E646C6572225C3A312C22706172616D73225C3A22222C227072696F72697479225C3A312C2272656D61726B225C3A22222C22737461747573225C3A302C2273756273637269626573225C3A5B5D2C2274696D655A6F6E65225C3A22417369612F5368616E67686169222C227570646174654279225C3A2261646D696E222C2275706461746554696D65225C3A22323032332D30322D32372030395C3A34375C3A3534227D0D0A);
INSERT INTO `qrtz_job_details` VALUES ('MfishClusteredScheduler', 'aaa:[8ed4620f662f0e3e4923fb92fc8e7ba3]', 'aaaa', '', 'cn.com.mfish.scheduler.execute.DisallowConcurrentJobExecute', '1', '1', '0', '0', 0x230D0A23467269204D61722031302031313A35303A33322043535420323032330D0A6A6F625F646174615F6D61703D7B22616C6C6F77436F6E63757272656E74225C3A302C22636C6173734E616D65225C3A22616161222C226372656174654279225C3A2274657374222C2263726561746554696D65225C3A22323032332D30332D31302031315C3A35305C3A3332222C226964225C3A223865643436323066363632663065336534393233666239326663386537626133222C226A6F6247726F7570225C3A2261616161222C226A6F624E616D65225C3A22616161222C226A6F6254797065225C3A302C226D6574686F644E616D65225C3A22616161222C226D69736669726548616E646C6572225C3A312C22706172616D73225C3A22222C227072696F72697479225C3A312C2272656D61726B225C3A22222C22737461747573225C3A302C2273756273637269626573225C3A5B5D2C2274696D655A6F6E65225C3A22417369612F5368616E67686169227D0D0A);
INSERT INTO `qrtz_job_details` VALUES ('MfishClusteredScheduler', 'aaa:[e7239446a3a13db135942e86fc35c1d2]', 'aaaa', '', 'cn.com.mfish.scheduler.execute.GeneralJobExecute', '1', '0', '0', '0', 0x230D0A23467269204D61722031302031323A33353A34352043535420323032330D0A6A6F625F646174615F6D61703D7B22616C6C6F77436F6E63757272656E74225C3A312C22636C6173734E616D65225C3A22616161222C226964225C3A226537323339343436613361313364623133353934326538366663333563316432222C226A6F6247726F7570225C3A2261616161222C226A6F624E616D65225C3A22616161222C226A6F6254797065225C3A302C226D6574686F644E616D65225C3A22616161222C226D69736669726548616E646C6572225C3A312C22706172616D73225C3A225B5C5C6E20205C5C2261615C5C225C5C6E5D222C227072696F72697479225C3A312C2272656D61726B225C3A22222C22737461747573225C3A312C2273756273637269626573225C3A5B5D2C2274696D655A6F6E65225C3A22417369612F5368616E67686169222C227570646174654279225C3A2274657374222C2275706461746554696D65225C3A22323032332D30332D31302031325C3A33355C3A3435227D0D0A);
INSERT INTO `qrtz_job_details` VALUES ('MfishClusteredScheduler', '任务调度测试:[895baafe9caa9afd089f54d7c3932a25]', 'DEFAULT', '', 'cn.com.mfish.scheduler.execute.DisallowConcurrentJobExecute', '1', '1', '0', '0', 0x230D0A23536174204D61792032302031313A34353A33362043535420323032330D0A6A6F625F646174615F6D61703D7B22616C6C6F77436F6E63757272656E74225C3A302C22636C6173734E616D65225C3A22636E2E636F6D2E6D666973682E636F6E73756D652E6A6F622E436F6E73756D65724A6F62222C226964225C3A223839356261616665396361613961666430383966353464376333393332613235222C226A6F6247726F7570225C3A2244454641554C54222C226A6F624E616D65225C3A225C75344546425C75353241315C75384330335C75354541365C75364434425C7538424435222C226A6F6254797065225C3A322C226C6F6754797065225C3A302C226D6574686F644E616D65225C3A2274657374222C226D69736669726548616E646C6572225C3A312C22706172616D73225C3A22222C227072696F72697479225C3A312C2272656D61726B225C3A22222C22737461747573225C3A312C2273756273637269626573225C3A5B7B2263726F6E225C3A222035202A202A203F202A202A222C22656E6454696D65225C3A22323032352D30332D30312031375C3A30325C3A3238222C226964225C3A223038616434623132383831323466346239373132363439623837376161353536222C226A6F624964225C3A223839356261616665396361613961666430383966353464376333393332613235222C22737461727454696D65225C3A22323032332D30332D30312031375C3A30325C3A3238222C22737461747573225C3A307D5D2C2274696D655A6F6E65225C3A22417369612F5368616E67686169222C227570646174654279225C3A2261646D696E222C2275706461746554696D65225C3A22323032332D30352D32302031315C3A34355C3A3335227D0D0A);
INSERT INTO `qrtz_job_details` VALUES ('MfishClusteredScheduler', '本地调用测试:[908c3637e3c9914eb97f4576f187d668]', 'DFAULT', '本地单个参数测试', 'cn.com.mfish.scheduler.execute.DisallowConcurrentJobExecute', '1', '1', '0', '0', 0x230D0A23536174204D61792032302031323A32323A32392043535420323032330D0A6A6F625F646174615F6D61703D7B22616C6C6F77436F6E63757272656E74225C3A302C22636C6173734E616D65225C3A22636E2E636F6D2E6D666973682E7363686564756C65722E6A6F622E4D664A6F62222C226964225C3A223930386333363337653363393931346562393766343537366631383764363638222C226A6F6247726F7570225C3A22444641554C54222C226A6F624E616D65225C3A225C75363732435C75353733305C75384330335C75373532385C75364434425C7538424435222C226A6F6254797065225C3A302C226C6F6754797065225C3A312C226D6574686F644E616D65225C3A2274657374222C226D69736669726548616E646C6572225C3A312C22706172616D73225C3A225B5C5C6E20205C5C225C75363732435C75353733305C75364434425C75384244355C5C225C5C6E5D222C227072696F72697479225C3A312C2272656D61726B225C3A225C75363732435C75353733305C75353335355C75344532415C75353343325C75363537305C75364434425C7538424435222C22737461747573225C3A302C2273756273637269626573225C3A5B7B2263726F6E225C3A2230202A202A203F202A202A222C22656E6454696D65225C3A22323032352D30322D32342032335C3A30315C3A3531222C226964225C3A223964343461663063326636303463376661333535393032656134613934383563222C226A6F624964225C3A223930386333363337653363393931346562393766343537366631383764363638222C22737461727454696D65225C3A22323032332D30322D32342032335C3A30315C3A3531222C22737461747573225C3A307D5D2C2274696D655A6F6E65225C3A22417369612F5368616E67686169222C227570646174654279225C3A2261646D696E222C2275706461746554696D65225C3A22323032332D30352D32302031325C3A32325C3A3239227D0D0A);
INSERT INTO `qrtz_job_details` VALUES ('MfishClusteredScheduler', '测试1:[895baafe9caa9afd089f54d7c3932a25]', 'DEFAULT', '', 'cn.com.mfish.scheduler.execute.DisallowConcurrentJobExecute', '1', '1', '0', '0', 0x230D0A23467269204D61722031302030393A34343A32332043535420323032330D0A6A6F625F646174615F6D61703D7B22616C6C6F77436F6E63757272656E74225C3A302C22636C6173734E616D65225C3A22636E2E636F6D2E6D666973682E636F6E73756D652E6A6F622E436F6E73756D65724A6F62222C226964225C3A223839356261616665396361613961666430383966353464376333393332613235222C226A6F6247726F7570225C3A2244454641554C54222C226A6F624E616D65225C3A225C75364434425C753842443531222C226A6F6254797065225C3A322C226D6574686F644E616D65225C3A2274657374222C226D69736669726548616E646C6572225C3A312C22706172616D73225C3A22222C227072696F72697479225C3A312C2272656D61726B225C3A22222C22737461747573225C3A312C2273756273637269626573225C3A5B7B2263726F6E225C3A222035202A202A203F202A202A222C22656E6454696D65225C3A22323032352D30332D30312031375C3A30325C3A3238222C226964225C3A223038616434623132383831323466346239373132363439623837376161353536222C226A6F624964225C3A223839356261616665396361613961666430383966353464376333393332613235222C22737461727454696D65225C3A22323032332D30332D30312031375C3A30325C3A3238222C22737461747573225C3A317D5D2C2274696D655A6F6E65225C3A22417369612F5368616E67686169222C227570646174654279225C3A2261646D696E222C2275706461746554696D65225C3A22323032332D30332D31302030395C3A34345C3A3233227D0D0A);
INSERT INTO `qrtz_job_details` VALUES ('MfishClusteredScheduler', '测试:[895baafe9caa9afd089f54d7c3932a25]', 'DEFAULT', '', 'cn.com.mfish.scheduler.execute.DisallowConcurrentJobExecute', '1', '1', '0', '0', 0x230D0A23576564204D61722030312031373A35313A35332043535420323032330D0A6A6F625F646174615F6D61703D7B22616C6C6F77436F6E63757272656E74225C3A302C22636C6173734E616D65225C3A22636E2E636F6D2E6D666973682E636F6E73756D652E6A6F622E436F6E73756D65724A6F62222C226964225C3A223839356261616665396361613961666430383966353464376333393332613235222C226A6F6247726F7570225C3A2244454641554C54222C226A6F624E616D65225C3A225C75364434425C7538424435222C226A6F6254797065225C3A322C226D6574686F644E616D65225C3A2274657374222C226D69736669726548616E646C6572225C3A312C22706172616D73225C3A22222C227072696F72697479225C3A312C2272656D61726B225C3A22222C22737461747573225C3A302C2273756273637269626573225C3A5B7B2263726F6E225C3A222035202A202A203F202A202A222C22656E6454696D65225C3A22323032352D30332D30312031375C3A30325C3A3238222C226964225C3A223038616434623132383831323466346239373132363439623837376161353536222C226A6F624964225C3A223839356261616665396361613961666430383966353464376333393332613235222C22737461727454696D65225C3A22323032332D30332D30312031375C3A30325C3A3238222C22737461747573225C3A307D5D2C2274696D655A6F6E65225C3A22417369612F5368616E67686169222C227570646174654279225C3A2261646D696E222C2275706461746554696D65225C3A22323032332D30332D30312031375C3A35315C3A3533227D0D0A);
INSERT INTO `qrtz_job_details` VALUES ('MfishClusteredScheduler', '测试新增:[09318e65982a338088c91f9d39f693a0]', 'group', '', 'cn.com.mfish.scheduler.execute.DisallowConcurrentJobExecute', '1', '1', '0', '0', 0x230D0A23467269204D61722031302031313A34393A32362043535420323032330D0A6A6F625F646174615F6D61703D7B22616C6C6F77436F6E63757272656E74225C3A302C22636C6173734E616D65225C3A22616161222C226964225C3A223039333138653635393832613333383038386339316639643339663639336130222C226A6F6247726F7570225C3A2267726F7570222C226A6F624E616D65225C3A225C75364434425C75384244355C75363542305C7535383945222C226A6F6254797065225C3A302C226D6574686F644E616D65225C3A22616161222C226D69736669726548616E646C6572225C3A312C22706172616D73225C3A22222C227072696F72697479225C3A312C2272656D61726B225C3A22222C22737461747573225C3A312C2273756273637269626573225C3A5B7B2263726F6E225C3A22302031202A203F202A202A222C22656E6454696D65225C3A22323032352D30332D31302031315C3A31395C3A3030222C226964225C3A226365393563646438326465333465653238643435326665343866646531326130222C226A6F624964225C3A223039333138653635393832613333383038386339316639643339663639336130222C22737461727454696D65225C3A22323032332D30332D31302031315C3A31395C3A3030222C22737461747573225C3A307D5D2C2274696D655A6F6E65225C3A22417369612F5368616E67686169222C227570646174654279225C3A2274657374222C2275706461746554696D65225C3A22323032332D30332D31302031315C3A34395C3A3236227D0D0A);
INSERT INTO `qrtz_job_details` VALUES ('MfishClusteredScheduler', '类参数测试:[4ce14a9ba39b771cae9245b737396eb9]', 'DEFAULT', '', 'cn.com.mfish.scheduler.execute.DisallowConcurrentJobExecute', '1', '1', '0', '0', 0x230D0A23546875205365702031342031353A31383A31392043535420323032330D0A6A6F625F646174615F6D61703D7B22616C6C6F77436F6E63757272656E74225C3A302C22636C6173734E616D65225C3A22636E2E636F6D2E6D666973682E7363686564756C65722E6A6F622E4D664A6F62222C226372656174654279225C3A2261646D696E222C2263726561746554696D65225C3A22323032332D30392D31342031355C3A31385C3A3139222C226964225C3A223463653134613962613339623737316361653932343562373337333936656239222C226A6F6247726F7570225C3A2244454641554C54222C226A6F624E616D65225C3A225C75374337425C75353343325C75363537305C75364434425C7538424435222C226A6F6254797065225C3A302C226C6F6754797065225C3A302C226D6574686F644E616D65225C3A2274657374222C226D69736669726548616E646C6572225C3A312C22706172616D73225C3A225B5C5C6E20207B5C5C6E202020205C5C22747970655C5C225C3A205C5C226A6176612E6C616E672E537472696E675C5C222C5C5C6E202020205C5C2276616C75655C5C225C3A205C5C22696E6E65725C5C225C5C6E20207D2C5C5C6E20207B5C5C6E202020205C5C22747970655C5C225C3A205C5C22636E2E636F6D2E6D666973682E7379732E6170692E656E746974792E5379734C6F675C5C222C5C5C6E202020205C5C2276616C75655C5C225C3A207B5C5C6E2020202020205C5C227469746C655C5C225C3A205C5C22616161615C5C225C5C6E202020207D5C5C6E20207D5C5C6E5D222C227072696F72697479225C3A312C2272656D61726B225C3A22222C22737461747573225C3A302C2273756273637269626573225C3A5B5D2C2274696D655A6F6E65225C3A22417369612F5368616E67686169222C227570646174654279225C3A2261646D696E222C2275706461746554696D65225C3A22323032332D30392D31342031355C3A31385C3A3139227D0D0A);
INSERT INTO `qrtz_job_details` VALUES ('MfishClusteredScheduler', '远程调用测试:[357b8d7dac67eaf0a1a0ce369ec25462]', 'DEFAULT', '远程调用用户接口测试', 'cn.com.mfish.scheduler.execute.DisallowConcurrentJobExecute', '1', '1', '0', '0', 0x230D0A23536174204D61792032302031323A30353A35392043535420323032330D0A6A6F625F646174615F6D61703D7B22616C6C6F77436F6E63757272656E74225C3A302C22636C6173734E616D65225C3A22636E2E636F6D2E6D666973682E636F6D6D6F6E2E6F617574682E6170692E72656D6F74652E52656D6F74655573657253657276696365222C226964225C3A223335376238643764616336376561663061316130636533363965633235343632222C226A6F6247726F7570225C3A2244454641554C54222C226A6F624E616D65225C3A225C75384644435C75374130425C75384330335C75373532385C75364434425C7538424435222C226A6F6254797065225C3A312C226C6F6754797065225C3A312C226D6574686F644E616D65225C3A226765745573657242794964222C226D69736669726548616E646C6572225C3A312C22706172616D73225C3A225B5C5C6E20205C5C22696E6E65725C5C222C5C5C6E20205C5C22315C5C225C5C6E5D222C227072696F72697479225C3A312C2272656D61726B225C3A225C75384644435C75374130425C75384330335C75373532385C75373532385C75363233375C75363341355C75353345335C75364434425C7538424435222C22737461747573225C3A302C2273756273637269626573225C3A5B7B2263726F6E225C3A2231202A202A203F202A202A222C22656E6454696D65225C3A22323032352D30322D32362031375C3A32315C3A3233222C226964225C3A223263633033623765306436343438356161313332373865323939353336306264222C226A6F624964225C3A223335376238643764616336376561663061316130636533363965633235343632222C22737461727454696D65225C3A22323032332D30322D32362031375C3A32315C3A3233222C22737461747573225C3A307D2C7B2263726F6E225C3A223330202A202A203F202A202A222C22656E6454696D65225C3A22323032352D30322D32342032335C3A30395C3A3330222C226964225C3A223833373735303038373838373463303362346534623234626634376532313264222C226A6F624964225C3A223335376238643764616336376561663061316130636533363965633235343632222C22737461727454696D65225C3A22323032332D30322D32342032335C3A30395C3A3330222C22737461747573225C3A307D5D2C2274696D655A6F6E65225C3A22417369612F5368616E67686169222C227570646174654279225C3A2261646D696E222C2275706461746554696D65225C3A22323032332D30352D32302031325C3A30355C3A3539227D0D0A);

-- ----------------------------
-- Table structure for qrtz_job_log
-- ----------------------------
DROP TABLE IF EXISTS `qrtz_job_log`;
CREATE TABLE `qrtz_job_log`  (
  `id` varchar(36) CHARACTER SET utf8mb4 COLLATE utf8mb4_general_ci NOT NULL COMMENT '唯一ID',
  `job_id` varchar(36) CHARACTER SET utf8mb4 COLLATE utf8mb4_general_ci NOT NULL COMMENT '任务ID',
  `subscribe_id` varchar(36) CHARACTER SET utf8mb4 COLLATE utf8mb4_general_ci NULL DEFAULT NULL COMMENT '订阅ID',
  `job_name` varchar(100) CHARACTER SET utf8mb4 COLLATE utf8mb4_general_ci NOT NULL DEFAULT '' COMMENT '任务名称',
  `job_group` varchar(100) CHARACTER SET utf8mb4 COLLATE utf8mb4_general_ci NOT NULL DEFAULT 'DEFAULT' COMMENT '任务组',
  `job_type` tinyint(1) NULL DEFAULT NULL COMMENT '任务类型(0 本地任务 1 RPC远程调用任务 2 MQ消息任务)',
  `class_name` varchar(100) CHARACTER SET utf8mb4 COLLATE utf8mb4_general_ci NOT NULL COMMENT '类名称',
  `method_name` varchar(100) CHARACTER SET utf8mb4 COLLATE utf8mb4_general_ci NULL DEFAULT NULL COMMENT '方法名称',
  `params` varchar(500) CHARACTER SET utf8mb4 COLLATE utf8mb4_general_ci NULL DEFAULT NULL COMMENT '调用参数',
  `cron` varchar(50) CHARACTER SET utf8mb4 COLLATE utf8mb4_general_ci NULL DEFAULT NULL COMMENT 'cron表达式',
  `start_time` datetime NULL DEFAULT NULL COMMENT '开始时间',
  `end_time` datetime NULL DEFAULT NULL COMMENT '结束时间',
  `log_type` tinyint(1) NULL DEFAULT 0 COMMENT '日志类型(0入库日志 1文件日志)',
  `cost_time` int(11) NULL DEFAULT NULL COMMENT '耗时(单位:ms)',
  `status` tinyint(1) NULL DEFAULT 0 COMMENT '执行状态（0开始 1调度成功 2调度失败 3执行成功 4执行失败）',
  `remark` varchar(1000) CHARACTER SET utf8mb4 COLLATE utf8mb4_general_ci NULL DEFAULT NULL COMMENT '备注信息',
  `create_by` varchar(64) CHARACTER SET utf8mb4 COLLATE utf8mb4_general_ci NULL DEFAULT '' COMMENT '创建者',
  `create_time` datetime NULL DEFAULT NULL COMMENT '创建时间',
  `update_by` varchar(64) CHARACTER SET utf8mb4 COLLATE utf8mb4_general_ci NULL DEFAULT '' COMMENT '更新者',
  `update_time` datetime NULL DEFAULT NULL COMMENT '更新时间',
  PRIMARY KEY (`id`, `job_name`, `job_group`) USING BTREE,
  INDEX `create_time_index`(`create_time`) USING BTREE COMMENT '创建时间索引'
) ENGINE = InnoDB CHARACTER SET = utf8mb4 COLLATE = utf8mb4_general_ci COMMENT = '定时任务调度日志' ROW_FORMAT = DYNAMIC;

-- ----------------------------
-- Records of qrtz_job_log
-- ----------------------------
INSERT INTO `qrtz_job_log` VALUES ('09d4681e549847c4b834fe782ebbcaca', '4ce14a9ba39b771cae9245b737396eb9', '', '类参数测试', 'DEFAULT', 0, 'cn.com.mfish.scheduler.job.MfJob', 'test', '[\n  {\n    \"type\": \"java.lang.String\",\n    \"value\": \"inner\"\n  },\n  {\n    \"type\": \"cn.com.mfish.sys.api.entity.SysLog\",\n    \"value\": {\n      \"title\": \"aaaa\"\n    }\n  }\n]', NULL, NULL, NULL, 0, 25175, 2, 'wrong number of arguments', 'admin', '2023-09-14 15:21:46', 'admin', '2023-09-14 15:22:11');
INSERT INTO `qrtz_job_log` VALUES ('1bf5bf10d7bf4f71945fa9dc8120e469', '908c3637e3c9914eb97f4576f187d668', '9d44af0c2f604c7fa355902ea4a9485c', '本地调用测试', 'DFAULT', 0, 'cn.com.mfish.scheduler.job.MfJob', 'test', '[\n  \"本地测试\"\n]', '0 * * ? * *', '2023-02-24 23:01:51', '2025-02-24 23:01:51', 0, 5, 1, NULL, 'scheduler_robot', '2023-05-20 12:14:00', 'scheduler_robot', '2023-05-20 12:14:00');
INSERT INTO `qrtz_job_log` VALUES ('249f30b32da04f019609f58cb9232fff', '908c3637e3c9914eb97f4576f187d668', '9d44af0c2f604c7fa355902ea4a9485c', '本地调用测试', 'DFAULT', 0, 'cn.com.mfish.scheduler.job.MfJob', 'test', '[\n  \"本地测试\"\n]', '0 * * ? * *', '2023-02-24 23:01:51', '2025-02-24 23:01:51', 0, 4, 1, NULL, 'scheduler_robot', '2023-05-20 12:21:00', 'scheduler_robot', '2023-05-20 12:21:00');
INSERT INTO `qrtz_job_log` VALUES ('29e2e17810bc4770ba158aa8255f1675', '908c3637e3c9914eb97f4576f187d668', '9d44af0c2f604c7fa355902ea4a9485c', '本地调用测试', 'DFAULT', 0, 'cn.com.mfish.scheduler.job.MfJob', 'test', '[\n  \"本地测试\"\n]', '0 * * ? * *', '2023-02-24 23:01:51', '2025-02-24 23:01:51', 0, 3, 1, NULL, 'scheduler_robot', '2023-05-20 12:11:00', 'scheduler_robot', '2023-05-20 12:11:00');
INSERT INTO `qrtz_job_log` VALUES ('2a02e53904d54e829b385538a121eee0', '908c3637e3c9914eb97f4576f187d668', '9d44af0c2f604c7fa355902ea4a9485c', '本地调用测试', 'DFAULT', 0, 'cn.com.mfish.scheduler.job.MfJob', 'test', '[\n  \"本地测试\"\n]', '0 * * ? * *', '2023-02-24 23:01:51', '2025-02-24 23:01:51', 0, 3, 1, NULL, 'scheduler_robot', '2023-05-20 12:20:00', 'scheduler_robot', '2023-05-20 12:20:00');
INSERT INTO `qrtz_job_log` VALUES ('4538fa1ccb5f4199a863cc33ea4ef6a4', '908c3637e3c9914eb97f4576f187d668', '9d44af0c2f604c7fa355902ea4a9485c', '本地调用测试', 'DFAULT', 0, 'cn.com.mfish.scheduler.job.MfJob', 'test', '[\n  \"本地测试\"\n]', '0 * * ? * *', '2023-02-24 23:01:51', '2025-02-24 23:01:51', 0, 4, 1, NULL, 'scheduler_robot', '2023-05-20 12:16:00', 'scheduler_robot', '2023-05-20 12:16:00');
INSERT INTO `qrtz_job_log` VALUES ('49732c550efe4300a6aa31157073c4d5', '4ce14a9ba39b771cae9245b737396eb9', '', '类参数测试', 'DEFAULT', 0, 'cn.com.mfish.scheduler.job.MfJob', 'test', '[\n  {\n    \"type\": \"java.lang.String\",\n    \"value\": \"inner\"\n  },\n  {\n    \"type\": \"cn.com.mfish.sys.api.entity.SysLog\",\n    \"value\": {\n      \"title\": \"aaaa\"\n    }\n  }\n]', NULL, NULL, NULL, 0, 10, 1, NULL, 'admin', '2023-09-14 15:26:35', 'admin', '2023-09-14 15:26:35');
INSERT INTO `qrtz_job_log` VALUES ('61884265eced40098bf84beac0a9b7fd', '908c3637e3c9914eb97f4576f187d668', '9d44af0c2f604c7fa355902ea4a9485c', '本地调用测试', 'DFAULT', 0, 'cn.com.mfish.scheduler.job.MfJob', 'test', '[\n  \"本地测试\"\n]', '0 * * ? * *', '2023-02-24 23:01:51', '2025-02-24 23:01:51', 0, 4, 1, NULL, 'scheduler_robot', '2023-05-20 12:17:00', 'scheduler_robot', '2023-05-20 12:17:00');
INSERT INTO `qrtz_job_log` VALUES ('8a42a963b6a24d0ab2acc35853af115a', '4ce14a9ba39b771cae9245b737396eb9', '', '类参数测试', 'DEFAULT', 0, 'cn.com.mfish.scheduler.job.MfJob', 'test', '[\n  {\n    \"type\": \"java.lang.String\",\n    \"value\": \"inner\"\n  },\n  {\n    \"type\": \"cn.com.mfish.sys.api.entity.SysLog\",\n    \"value\": {\n      \"title\": \"aaaa\"\n    }\n  }\n]', NULL, NULL, NULL, 0, 40449, 1, NULL, 'admin', '2023-09-14 15:22:33', 'admin', '2023-09-14 15:23:13');
INSERT INTO `qrtz_job_log` VALUES ('8ad0477ea6114a91b8b7e4b85d6382ad', '908c3637e3c9914eb97f4576f187d668', '9d44af0c2f604c7fa355902ea4a9485c', '本地调用测试', 'DFAULT', 0, 'cn.com.mfish.scheduler.job.MfJob', 'test', '[\n  \"本地测试\"\n]', '0 * * ? * *', '2023-02-24 23:01:51', '2025-02-24 23:01:51', 0, 4, 1, NULL, 'scheduler_robot', '2023-05-20 12:12:00', 'scheduler_robot', '2023-05-20 12:12:00');
INSERT INTO `qrtz_job_log` VALUES ('8b466cb0fb8745019de3df041f3403e4', '357b8d7dac67eaf0a1a0ce369ec25462', '8377500878874c03b4e4b24bf47e212d', '远程调用测试', 'DEFAULT', 1, 'cn.com.mfish.common.oauth.api.remote.RemoteUserService', 'getUserById', '[\n  \"inner\",\n  \"1\"\n]', '30 * * ? * *', '2023-02-24 23:09:30', '2025-02-24 23:09:30', 0, 8, 1, NULL, 'scheduler_robot', '2023-05-20 12:05:30', 'scheduler_robot', '2023-05-20 12:05:30');
INSERT INTO `qrtz_job_log` VALUES ('910da6ecda3645e2b1ea9a356f577d66', '4ce14a9ba39b771cae9245b737396eb9', '', '类参数测试', 'DEFAULT', 0, 'cn.com.mfish.scheduler.job.MfJob', 'test', '[\n  {\n    \"type\": \"java.lang.String\",\n    \"value\": \"inner\"\n  },\n  {\n    \"type\": \"cn.com.mfish.sys.api.entity.SysLog\",\n    \"value\": {\n      \"title\": \"aaaa\"\n    }\n  }\n]', NULL, NULL, NULL, 0, 31, 1, NULL, 'admin', '2024-01-26 11:57:10', 'admin', '2024-01-26 11:57:10');
INSERT INTO `qrtz_job_log` VALUES ('94b2d039854d468698023a49f5ca820a', '908c3637e3c9914eb97f4576f187d668', '9d44af0c2f604c7fa355902ea4a9485c', '本地调用测试', 'DFAULT', 0, 'cn.com.mfish.scheduler.job.MfJob', 'test', '[\n  \"本地测试\"\n]', '0 * * ? * *', '2023-02-24 23:01:51', '2025-02-24 23:01:51', 0, 2, 1, NULL, 'scheduler_robot', '2023-05-20 12:08:00', 'scheduler_robot', '2023-05-20 12:08:00');
INSERT INTO `qrtz_job_log` VALUES ('957a94750af04b3c83a28b87d3cf03e6', '908c3637e3c9914eb97f4576f187d668', '9d44af0c2f604c7fa355902ea4a9485c', '本地调用测试', 'DFAULT', 0, 'cn.com.mfish.scheduler.job.MfJob', 'test', '[\n  \"本地测试\"\n]', '0 * * ? * *', '2023-02-24 23:01:51', '2025-02-24 23:01:51', 0, 3, 1, NULL, 'scheduler_robot', '2023-05-20 12:15:00', 'scheduler_robot', '2023-05-20 12:15:00');
INSERT INTO `qrtz_job_log` VALUES ('97f6e403a16145f89f89fd2c561a8bd0', '357b8d7dac67eaf0a1a0ce369ec25462', '2cc03b7e0d64485aa13278e2995360bd', '远程调用测试', 'DEFAULT', 1, 'cn.com.mfish.common.oauth.api.remote.RemoteUserService', 'getUserById', '[\n  \"inner\",\n  \"1\"\n]', '1 * * ? * *', '2023-02-26 17:21:23', '2025-02-26 17:21:23', 0, 8, 1, NULL, 'scheduler_robot', '2023-05-20 12:05:08', 'scheduler_robot', '2023-05-20 12:05:08');
INSERT INTO `qrtz_job_log` VALUES ('a6506b61893845e58ca6b62e5ae6733b', '4ce14a9ba39b771cae9245b737396eb9', '', '类参数测试', 'DEFAULT', 0, 'cn.com.mfish.scheduler.job.MfJob', 'test', '[\n  {\n    \"type\": \"java.lang.String\",\n    \"value\": \"inner\"\n  },\n  {\n    \"type\": \"cn.com.mfish.sys.api.entity.SysLog\",\n    \"value\": {\n      \"title\": \"aaaa\"\n    }\n  }\n]', NULL, NULL, NULL, 0, 161039, 1, NULL, 'admin', '2023-09-14 15:23:25', 'admin', '2023-09-14 15:26:06');
INSERT INTO `qrtz_job_log` VALUES ('a67f1fc036984ae3bcdaaeedd7fb3d06', '908c3637e3c9914eb97f4576f187d668', '9d44af0c2f604c7fa355902ea4a9485c', '本地调用测试', 'DFAULT', 0, 'cn.com.mfish.scheduler.job.MfJob', 'test', '[\n  \"本地测试\"\n]', '0 * * ? * *', '2023-02-24 23:01:51', '2025-02-24 23:01:51', 0, 5, 1, NULL, 'scheduler_robot', '2023-05-20 12:07:00', 'scheduler_robot', '2023-05-20 12:07:00');
INSERT INTO `qrtz_job_log` VALUES ('ade43134050048b99aba736e5e2abd37', '908c3637e3c9914eb97f4576f187d668', '9d44af0c2f604c7fa355902ea4a9485c', '本地调用测试', 'DFAULT', 0, 'cn.com.mfish.scheduler.job.MfJob', 'test', '[\n  \"本地测试\"\n]', '0 * * ? * *', '2023-02-24 23:01:51', '2025-02-24 23:01:51', 0, 3, 1, NULL, 'scheduler_robot', '2023-05-20 12:06:19', 'scheduler_robot', '2023-05-20 12:06:19');
INSERT INTO `qrtz_job_log` VALUES ('b38bfe0f0e2c4ef093f5af14f3ffb325', '908c3637e3c9914eb97f4576f187d668', '9d44af0c2f604c7fa355902ea4a9485c', '本地调用测试', 'DFAULT', 0, 'cn.com.mfish.scheduler.job.MfJob', 'test', '[\n  \"本地测试\"\n]', '0 * * ? * *', '2023-02-24 23:01:51', '2025-02-24 23:01:51', 0, 3, 1, NULL, 'scheduler_robot', '2023-05-20 11:49:00', 'scheduler_robot', '2023-05-20 11:49:00');
INSERT INTO `qrtz_job_log` VALUES ('c2ad61fb39004d73ab8ed86dced80df7', '908c3637e3c9914eb97f4576f187d668', '9d44af0c2f604c7fa355902ea4a9485c', '本地调用测试', 'DFAULT', 0, 'cn.com.mfish.scheduler.job.MfJob', 'test', '[\n  \"本地测试\"\n]', '0 * * ? * *', '2023-02-24 23:01:51', '2025-02-24 23:01:51', 0, 3, 1, NULL, 'scheduler_robot', '2023-05-20 12:09:00', 'scheduler_robot', '2023-05-20 12:09:00');
INSERT INTO `qrtz_job_log` VALUES ('caf7b33ee1654d23ab80d44211488977', '908c3637e3c9914eb97f4576f187d668', '9d44af0c2f604c7fa355902ea4a9485c', '本地调用测试', 'DFAULT', 0, 'cn.com.mfish.scheduler.job.MfJob', 'test', '[\n  \"本地测试\"\n]', '0 * * ? * *', '2023-02-24 23:01:51', '2025-02-24 23:01:51', 0, 4, 1, NULL, 'scheduler_robot', '2023-05-20 12:22:00', 'scheduler_robot', '2023-05-20 12:22:00');
INSERT INTO `qrtz_job_log` VALUES ('d82373309b094aec9153954ec29612e1', '357b8d7dac67eaf0a1a0ce369ec25462', '8377500878874c03b4e4b24bf47e212d', '远程调用测试', 'DEFAULT', 1, 'cn.com.mfish.common.oauth.api.remote.RemoteUserService', 'getUserById', '[\n  \"inner\",\n  \"1\"\n]', '30 * * ? * *', '2023-02-24 23:09:30', '2025-02-24 23:09:30', 0, 14, 1, NULL, 'scheduler_robot', '2023-05-20 12:04:30', 'scheduler_robot', '2023-05-20 12:04:30');
INSERT INTO `qrtz_job_log` VALUES ('d92a0735716a40498b8f827e27daebec', '357b8d7dac67eaf0a1a0ce369ec25462', '2cc03b7e0d64485aa13278e2995360bd', '远程调用测试', 'DEFAULT', 1, 'cn.com.mfish.common.oauth.api.remote.RemoteUserService', 'getUserById', '[\n  \"inner\",\n  \"1\"\n]', '1 * * ? * *', '2023-02-26 17:21:23', '2025-02-26 17:21:23', 0, 237, 1, NULL, 'scheduler_robot', '2023-05-20 12:04:21', 'scheduler_robot', '2023-05-20 12:04:21');
INSERT INTO `qrtz_job_log` VALUES ('db00203463364aceb0fec372fc0bdd7f', '908c3637e3c9914eb97f4576f187d668', '9d44af0c2f604c7fa355902ea4a9485c', '本地调用测试', 'DFAULT', 0, 'cn.com.mfish.scheduler.job.MfJob', 'test', '[\n  \"本地测试\"\n]', '0 * * ? * *', '2023-02-24 23:01:51', '2025-02-24 23:01:51', 0, 3, 1, NULL, 'scheduler_robot', '2023-05-20 11:47:00', 'scheduler_robot', '2023-05-20 11:47:00');
INSERT INTO `qrtz_job_log` VALUES ('dd464be35d2f45b18c803ecadfee9838', '908c3637e3c9914eb97f4576f187d668', '9d44af0c2f604c7fa355902ea4a9485c', '本地调用测试', 'DFAULT', 0, 'cn.com.mfish.scheduler.job.MfJob', 'test', '[\n  \"本地测试\"\n]', '0 * * ? * *', '2023-02-24 23:01:51', '2025-02-24 23:01:51', 0, 3, 1, NULL, 'scheduler_robot', '2023-05-20 12:19:00', 'scheduler_robot', '2023-05-20 12:19:00');
INSERT INTO `qrtz_job_log` VALUES ('f24a4398d3e5491aa5d8ddd109f27df8', '908c3637e3c9914eb97f4576f187d668', '9d44af0c2f604c7fa355902ea4a9485c', '本地调用测试', 'DFAULT', 0, 'cn.com.mfish.scheduler.job.MfJob', 'test', '[\n  \"本地测试\"\n]', '0 * * ? * *', '2023-02-24 23:01:51', '2025-02-24 23:01:51', 0, 3, 1, NULL, 'scheduler_robot', '2023-05-20 12:10:00', 'scheduler_robot', '2023-05-20 12:10:00');
INSERT INTO `qrtz_job_log` VALUES ('f25a0e2e45ea48e780984718974175d1', '4ce14a9ba39b771cae9245b737396eb9', '', '类参数测试', 'DEFAULT', 0, 'cn.com.mfish.scheduler.job.MfJob', 'test', '[\n  {\n    \"type\": \"java.lang.String\",\n    \"value\": \"inner\"\n  },\n  {\n    \"type\": \"cn.com.mfish.sys.api.entity.SysLog\",\n    \"value\": {\n      \"title\": \"aaaa\"\n    }\n  }\n]', NULL, NULL, NULL, 0, 14, 1, NULL, 'admin', '2024-01-17 11:27:29', 'admin', '2024-01-17 11:27:29');
INSERT INTO `qrtz_job_log` VALUES ('f7820f0b50794354b09f410bdcd041ef', '908c3637e3c9914eb97f4576f187d668', '9d44af0c2f604c7fa355902ea4a9485c', '本地调用测试', 'DFAULT', 0, 'cn.com.mfish.scheduler.job.MfJob', 'test', '[\n  \"本地测试\"\n]', '0 * * ? * *', '2023-02-24 23:01:51', '2025-02-24 23:01:51', 0, 3, 1, NULL, 'scheduler_robot', '2023-05-20 12:18:00', 'scheduler_robot', '2023-05-20 12:18:00');
INSERT INTO `qrtz_job_log` VALUES ('fc133b3d887445ebba522d828e13606f', '908c3637e3c9914eb97f4576f187d668', '9d44af0c2f604c7fa355902ea4a9485c', '本地调用测试', 'DFAULT', 0, 'cn.com.mfish.scheduler.job.MfJob', 'test', '[\n  \"本地测试\"\n]', '0 * * ? * *', '2023-02-24 23:01:51', '2025-02-24 23:01:51', 0, 2, 1, NULL, 'scheduler_robot', '2023-05-20 12:13:00', 'scheduler_robot', '2023-05-20 12:13:00');

-- ----------------------------
-- Table structure for qrtz_job_subscribe
-- ----------------------------
DROP TABLE IF EXISTS `qrtz_job_subscribe`;
CREATE TABLE `qrtz_job_subscribe`  (
  `id` varchar(36) CHARACTER SET utf8mb4 COLLATE utf8mb4_general_ci NOT NULL COMMENT '唯一ID',
  `job_id` varchar(36) CHARACTER SET utf8mb4 COLLATE utf8mb4_general_ci NULL DEFAULT NULL COMMENT '任务ID',
  `cron` varchar(50) CHARACTER SET utf8mb4 COLLATE utf8mb4_general_ci NULL DEFAULT NULL COMMENT 'cron表达式',
  `start_time` datetime NULL DEFAULT NULL COMMENT '开始时间',
  `end_time` datetime NULL DEFAULT NULL COMMENT '结束时间',
  `status` tinyint(1) NULL DEFAULT 0 COMMENT '状态（0正常 1暂停）',
  PRIMARY KEY (`id`) USING BTREE
) ENGINE = InnoDB CHARACTER SET = utf8mb4 COLLATE = utf8mb4_general_ci COMMENT = '任务订阅表' ROW_FORMAT = DYNAMIC;

-- ----------------------------
-- Records of qrtz_job_subscribe
-- ----------------------------
INSERT INTO `qrtz_job_subscribe` VALUES ('08ad4b1288124f4b9712649b877aa556', '895baafe9caa9afd089f54d7c3932a25', ' 5 * * ? * *', '2023-03-01 17:02:28', '2025-03-01 17:02:28', 0);
INSERT INTO `qrtz_job_subscribe` VALUES ('2cc03b7e0d64485aa13278e2995360bd', '357b8d7dac67eaf0a1a0ce369ec25462', '1 * * ? * *', '2023-02-26 17:21:23', '2025-02-26 17:21:23', 0);
INSERT INTO `qrtz_job_subscribe` VALUES ('8377500878874c03b4e4b24bf47e212d', '357b8d7dac67eaf0a1a0ce369ec25462', '30 * * ? * *', '2023-02-24 23:09:30', '2025-02-24 23:09:30', 0);
INSERT INTO `qrtz_job_subscribe` VALUES ('9d44af0c2f604c7fa355902ea4a9485c', '908c3637e3c9914eb97f4576f187d668', '0 * * ? * *', '2023-02-24 23:01:51', '2025-02-24 23:01:51', 0);

-- ----------------------------
-- Table structure for qrtz_locks
-- ----------------------------
DROP TABLE IF EXISTS `qrtz_locks`;
CREATE TABLE `qrtz_locks`  (
  `SCHED_NAME` varchar(120) CHARACTER SET utf8mb4 COLLATE utf8mb4_general_ci NOT NULL,
  `LOCK_NAME` varchar(40) CHARACTER SET utf8mb4 COLLATE utf8mb4_general_ci NOT NULL,
  PRIMARY KEY (`SCHED_NAME`, `LOCK_NAME`) USING BTREE
) ENGINE = InnoDB CHARACTER SET = utf8mb4 COLLATE = utf8mb4_general_ci ROW_FORMAT = DYNAMIC;

-- ----------------------------
-- Records of qrtz_locks
-- ----------------------------
INSERT INTO `qrtz_locks` VALUES ('MfishClusteredScheduler', 'STATE_ACCESS');
INSERT INTO `qrtz_locks` VALUES ('MfishClusteredScheduler', 'TRIGGER_ACCESS');

-- ----------------------------
-- Table structure for qrtz_paused_trigger_grps
-- ----------------------------
DROP TABLE IF EXISTS `qrtz_paused_trigger_grps`;
CREATE TABLE `qrtz_paused_trigger_grps`  (
  `SCHED_NAME` varchar(120) CHARACTER SET utf8mb4 COLLATE utf8mb4_general_ci NOT NULL,
  `TRIGGER_GROUP` varchar(200) CHARACTER SET utf8mb4 COLLATE utf8mb4_general_ci NOT NULL,
  PRIMARY KEY (`SCHED_NAME`, `TRIGGER_GROUP`) USING BTREE
) ENGINE = InnoDB CHARACTER SET = utf8mb4 COLLATE = utf8mb4_general_ci ROW_FORMAT = DYNAMIC;

-- ----------------------------
-- Records of qrtz_paused_trigger_grps
-- ----------------------------

-- ----------------------------
-- Table structure for qrtz_scheduler_state
-- ----------------------------
DROP TABLE IF EXISTS `qrtz_scheduler_state`;
CREATE TABLE `qrtz_scheduler_state`  (
  `SCHED_NAME` varchar(120) CHARACTER SET utf8mb4 COLLATE utf8mb4_general_ci NOT NULL,
  `INSTANCE_NAME` varchar(200) CHARACTER SET utf8mb4 COLLATE utf8mb4_general_ci NOT NULL,
  `LAST_CHECKIN_TIME` bigint(13) NOT NULL,
  `CHECKIN_INTERVAL` bigint(13) NOT NULL,
  PRIMARY KEY (`SCHED_NAME`, `INSTANCE_NAME`) USING BTREE
) ENGINE = InnoDB CHARACTER SET = utf8mb4 COLLATE = utf8mb4_general_ci ROW_FORMAT = DYNAMIC;

-- ----------------------------
-- Records of qrtz_scheduler_state
-- ----------------------------
INSERT INTO `qrtz_scheduler_state` VALUES ('MfishClusteredScheduler', 'qiufeng1706713651656', 1706714378328, 20000);

-- ----------------------------
-- Table structure for qrtz_simple_triggers
-- ----------------------------
DROP TABLE IF EXISTS `qrtz_simple_triggers`;
CREATE TABLE `qrtz_simple_triggers`  (
  `SCHED_NAME` varchar(120) CHARACTER SET utf8mb4 COLLATE utf8mb4_general_ci NOT NULL,
  `TRIGGER_NAME` varchar(200) CHARACTER SET utf8mb4 COLLATE utf8mb4_general_ci NOT NULL,
  `TRIGGER_GROUP` varchar(200) CHARACTER SET utf8mb4 COLLATE utf8mb4_general_ci NOT NULL,
  `REPEAT_COUNT` bigint(7) NOT NULL,
  `REPEAT_INTERVAL` bigint(12) NOT NULL,
  `TIMES_TRIGGERED` bigint(10) NOT NULL,
  PRIMARY KEY (`SCHED_NAME`, `TRIGGER_NAME`, `TRIGGER_GROUP`) USING BTREE,
  CONSTRAINT `qrtz_simple_triggers_ibfk_1` FOREIGN KEY (`SCHED_NAME`, `TRIGGER_NAME`, `TRIGGER_GROUP`) REFERENCES `qrtz_triggers` (`SCHED_NAME`, `TRIGGER_NAME`, `TRIGGER_GROUP`) ON DELETE RESTRICT ON UPDATE RESTRICT
) ENGINE = InnoDB CHARACTER SET = utf8mb4 COLLATE = utf8mb4_general_ci ROW_FORMAT = DYNAMIC;

-- ----------------------------
-- Records of qrtz_simple_triggers
-- ----------------------------

-- ----------------------------
-- Table structure for qrtz_simprop_triggers
-- ----------------------------
DROP TABLE IF EXISTS `qrtz_simprop_triggers`;
CREATE TABLE `qrtz_simprop_triggers`  (
  `SCHED_NAME` varchar(120) CHARACTER SET utf8mb4 COLLATE utf8mb4_general_ci NOT NULL,
  `TRIGGER_NAME` varchar(200) CHARACTER SET utf8mb4 COLLATE utf8mb4_general_ci NOT NULL,
  `TRIGGER_GROUP` varchar(200) CHARACTER SET utf8mb4 COLLATE utf8mb4_general_ci NOT NULL,
  `STR_PROP_1` varchar(512) CHARACTER SET utf8mb4 COLLATE utf8mb4_general_ci NULL DEFAULT NULL,
  `STR_PROP_2` varchar(512) CHARACTER SET utf8mb4 COLLATE utf8mb4_general_ci NULL DEFAULT NULL,
  `STR_PROP_3` varchar(512) CHARACTER SET utf8mb4 COLLATE utf8mb4_general_ci NULL DEFAULT NULL,
  `INT_PROP_1` int(11) NULL DEFAULT NULL,
  `INT_PROP_2` int(11) NULL DEFAULT NULL,
  `LONG_PROP_1` bigint(20) NULL DEFAULT NULL,
  `LONG_PROP_2` bigint(20) NULL DEFAULT NULL,
  `DEC_PROP_1` decimal(13, 4) NULL DEFAULT NULL,
  `DEC_PROP_2` decimal(13, 4) NULL DEFAULT NULL,
  `BOOL_PROP_1` varchar(1) CHARACTER SET utf8mb4 COLLATE utf8mb4_general_ci NULL DEFAULT NULL,
  `BOOL_PROP_2` varchar(1) CHARACTER SET utf8mb4 COLLATE utf8mb4_general_ci NULL DEFAULT NULL,
  PRIMARY KEY (`SCHED_NAME`, `TRIGGER_NAME`, `TRIGGER_GROUP`) USING BTREE,
  CONSTRAINT `qrtz_simprop_triggers_ibfk_1` FOREIGN KEY (`SCHED_NAME`, `TRIGGER_NAME`, `TRIGGER_GROUP`) REFERENCES `qrtz_triggers` (`SCHED_NAME`, `TRIGGER_NAME`, `TRIGGER_GROUP`) ON DELETE RESTRICT ON UPDATE RESTRICT
) ENGINE = InnoDB CHARACTER SET = utf8mb4 COLLATE = utf8mb4_general_ci ROW_FORMAT = DYNAMIC;

-- ----------------------------
-- Records of qrtz_simprop_triggers
-- ----------------------------

-- ----------------------------
-- Table structure for qrtz_triggers
-- ----------------------------
DROP TABLE IF EXISTS `qrtz_triggers`;
CREATE TABLE `qrtz_triggers`  (
  `SCHED_NAME` varchar(120) CHARACTER SET utf8mb4 COLLATE utf8mb4_general_ci NOT NULL,
  `TRIGGER_NAME` varchar(200) CHARACTER SET utf8mb4 COLLATE utf8mb4_general_ci NOT NULL,
  `TRIGGER_GROUP` varchar(200) CHARACTER SET utf8mb4 COLLATE utf8mb4_general_ci NOT NULL,
  `JOB_NAME` varchar(200) CHARACTER SET utf8mb4 COLLATE utf8mb4_general_ci NOT NULL,
  `JOB_GROUP` varchar(200) CHARACTER SET utf8mb4 COLLATE utf8mb4_general_ci NOT NULL,
  `DESCRIPTION` varchar(250) CHARACTER SET utf8mb4 COLLATE utf8mb4_general_ci NULL DEFAULT NULL,
  `NEXT_FIRE_TIME` bigint(13) NULL DEFAULT NULL,
  `PREV_FIRE_TIME` bigint(13) NULL DEFAULT NULL,
  `PRIORITY` int(11) NULL DEFAULT NULL,
  `TRIGGER_STATE` varchar(16) CHARACTER SET utf8mb4 COLLATE utf8mb4_general_ci NOT NULL,
  `TRIGGER_TYPE` varchar(8) CHARACTER SET utf8mb4 COLLATE utf8mb4_general_ci NOT NULL,
  `START_TIME` bigint(13) NOT NULL,
  `END_TIME` bigint(13) NULL DEFAULT NULL,
  `CALENDAR_NAME` varchar(200) CHARACTER SET utf8mb4 COLLATE utf8mb4_general_ci NULL DEFAULT NULL,
  `MISFIRE_INSTR` smallint(2) NULL DEFAULT NULL,
  `JOB_DATA` blob NULL,
  PRIMARY KEY (`SCHED_NAME`, `TRIGGER_NAME`, `TRIGGER_GROUP`) USING BTREE,
  INDEX `SCHED_NAME`(`SCHED_NAME`, `JOB_NAME`, `JOB_GROUP`) USING BTREE,
  CONSTRAINT `qrtz_triggers_ibfk_1` FOREIGN KEY (`SCHED_NAME`, `JOB_NAME`, `JOB_GROUP`) REFERENCES `qrtz_job_details` (`SCHED_NAME`, `JOB_NAME`, `JOB_GROUP`) ON DELETE RESTRICT ON UPDATE RESTRICT
) ENGINE = InnoDB CHARACTER SET = utf8mb4 COLLATE = utf8mb4_general_ci ROW_FORMAT = DYNAMIC;

-- ----------------------------
-- Records of qrtz_triggers
-- ----------------------------
INSERT INTO `qrtz_triggers` VALUES ('MfishClusteredScheduler', '08ad4b1288124f4b9712649b877aa556', 'DEFAULT', '任务调度测试:[895baafe9caa9afd089f54d7c3932a25]', 'DEFAULT', '暂无描述', 1684554425000, 1684554365000, 1, 'PAUSED', 'CRON', 1677661348000, 1740819748000, NULL, 1, 0x230D0A23536174204D61792032302031313A34353A33362043535420323032330D0A6A6F625F646174615F6D61703D7B22616C6C6F77436F6E63757272656E74225C3A302C22636C6173734E616D65225C3A22636E2E636F6D2E6D666973682E636F6E73756D652E6A6F622E436F6E73756D65724A6F62222C226964225C3A223839356261616665396361613961666430383966353464376333393332613235222C226A6F6247726F7570225C3A2244454641554C54222C226A6F624E616D65225C3A225C75344546425C75353241315C75384330335C75354541365C75364434425C7538424435222C226A6F6254797065225C3A322C226C6F6754797065225C3A302C226D6574686F644E616D65225C3A2274657374222C226D69736669726548616E646C6572225C3A312C22706172616D73225C3A22222C227072696F72697479225C3A312C2272656D61726B225C3A22222C22737461747573225C3A312C2273756273637269626573225C3A5B7B2263726F6E225C3A222035202A202A203F202A202A222C22656E6454696D65225C3A22323032352D30332D30312031375C3A30325C3A3238222C226964225C3A223038616434623132383831323466346239373132363439623837376161353536222C226A6F624964225C3A223839356261616665396361613961666430383966353464376333393332613235222C22737461727454696D65225C3A22323032332D30332D30312031375C3A30325C3A3238222C22737461747573225C3A307D5D2C2274696D655A6F6E65225C3A22417369612F5368616E67686169222C227570646174654279225C3A2261646D696E222C2275706461746554696D65225C3A22323032332D30352D32302031315C3A34355C3A3335227D0D0A);
INSERT INTO `qrtz_triggers` VALUES ('MfishClusteredScheduler', '2cc03b7e0d64485aa13278e2995360bd', 'DEFAULT', '远程调用测试:[357b8d7dac67eaf0a1a0ce369ec25462]', 'DEFAULT', '暂无描述', 1706705401000, 1706705341000, 1, 'PAUSED', 'CRON', 1677403283000, 1740561683000, NULL, 1, 0x230D0A23536174204D61792032302031323A30353A35392043535420323032330D0A6A6F625F646174615F6D61703D7B22616C6C6F77436F6E63757272656E74225C3A302C22636C6173734E616D65225C3A22636E2E636F6D2E6D666973682E636F6D6D6F6E2E6F617574682E6170692E72656D6F74652E52656D6F74655573657253657276696365222C226964225C3A223335376238643764616336376561663061316130636533363965633235343632222C226A6F6247726F7570225C3A2244454641554C54222C226A6F624E616D65225C3A225C75384644435C75374130425C75384330335C75373532385C75364434425C7538424435222C226A6F6254797065225C3A312C226C6F6754797065225C3A312C226D6574686F644E616D65225C3A226765745573657242794964222C226D69736669726548616E646C6572225C3A312C22706172616D73225C3A225B5C5C6E20205C5C22696E6E65725C5C222C5C5C6E20205C5C22315C5C225C5C6E5D222C227072696F72697479225C3A312C2272656D61726B225C3A225C75384644435C75374130425C75384330335C75373532385C75373532385C75363233375C75363341355C75353345335C75364434425C7538424435222C22737461747573225C3A302C2273756273637269626573225C3A5B7B2263726F6E225C3A2231202A202A203F202A202A222C22656E6454696D65225C3A22323032352D30322D32362031375C3A32315C3A3233222C226964225C3A223263633033623765306436343438356161313332373865323939353336306264222C226A6F624964225C3A223335376238643764616336376561663061316130636533363965633235343632222C22737461727454696D65225C3A22323032332D30322D32362031375C3A32315C3A3233222C22737461747573225C3A307D2C7B2263726F6E225C3A223330202A202A203F202A202A222C22656E6454696D65225C3A22323032352D30322D32342032335C3A30395C3A3330222C226964225C3A223833373735303038373838373463303362346534623234626634376532313264222C226A6F624964225C3A223335376238643764616336376561663061316130636533363965633235343632222C22737461727454696D65225C3A22323032332D30322D32342032335C3A30395C3A3330222C22737461747573225C3A307D5D2C2274696D655A6F6E65225C3A22417369612F5368616E67686169222C227570646174654279225C3A2261646D696E222C2275706461746554696D65225C3A22323032332D30352D32302031325C3A30355C3A3539227D0D0A);
INSERT INTO `qrtz_triggers` VALUES ('MfishClusteredScheduler', '8377500878874c03b4e4b24bf47e212d', 'DEFAULT', '远程调用测试:[357b8d7dac67eaf0a1a0ce369ec25462]', 'DEFAULT', '暂无描述', 1706705370000, 1706705310000, 1, 'PAUSED', 'CRON', 1677251370000, 1740409770000, NULL, 1, 0x230D0A23536174204D61792032302031323A30353A35392043535420323032330D0A6A6F625F646174615F6D61703D7B22616C6C6F77436F6E63757272656E74225C3A302C22636C6173734E616D65225C3A22636E2E636F6D2E6D666973682E636F6D6D6F6E2E6F617574682E6170692E72656D6F74652E52656D6F74655573657253657276696365222C226964225C3A223335376238643764616336376561663061316130636533363965633235343632222C226A6F6247726F7570225C3A2244454641554C54222C226A6F624E616D65225C3A225C75384644435C75374130425C75384330335C75373532385C75364434425C7538424435222C226A6F6254797065225C3A312C226C6F6754797065225C3A312C226D6574686F644E616D65225C3A226765745573657242794964222C226D69736669726548616E646C6572225C3A312C22706172616D73225C3A225B5C5C6E20205C5C22696E6E65725C5C222C5C5C6E20205C5C22315C5C225C5C6E5D222C227072696F72697479225C3A312C2272656D61726B225C3A225C75384644435C75374130425C75384330335C75373532385C75373532385C75363233375C75363341355C75353345335C75364434425C7538424435222C22737461747573225C3A302C2273756273637269626573225C3A5B7B2263726F6E225C3A2231202A202A203F202A202A222C22656E6454696D65225C3A22323032352D30322D32362031375C3A32315C3A3233222C226964225C3A223263633033623765306436343438356161313332373865323939353336306264222C226A6F624964225C3A223335376238643764616336376561663061316130636533363965633235343632222C22737461727454696D65225C3A22323032332D30322D32362031375C3A32315C3A3233222C22737461747573225C3A307D2C7B2263726F6E225C3A223330202A202A203F202A202A222C22656E6454696D65225C3A22323032352D30322D32342032335C3A30395C3A3330222C226964225C3A223833373735303038373838373463303362346534623234626634376532313264222C226A6F624964225C3A223335376238643764616336376561663061316130636533363965633235343632222C22737461727454696D65225C3A22323032332D30322D32342032335C3A30395C3A3330222C22737461747573225C3A307D5D2C2274696D655A6F6E65225C3A22417369612F5368616E67686169222C227570646174654279225C3A2261646D696E222C2275706461746554696D65225C3A22323032332D30352D32302031325C3A30355C3A3539227D0D0A);
INSERT INTO `qrtz_triggers` VALUES ('MfishClusteredScheduler', '9d44af0c2f604c7fa355902ea4a9485c', 'DFAULT', '本地调用测试:[908c3637e3c9914eb97f4576f187d668]', 'DFAULT', '暂无描述', 1706705400000, 1706705340000, 1, 'PAUSED', 'CRON', 1677250911000, 1740409311000, NULL, 1, 0x230D0A23536174204D61792032302031323A32323A32392043535420323032330D0A6A6F625F646174615F6D61703D7B22616C6C6F77436F6E63757272656E74225C3A302C22636C6173734E616D65225C3A22636E2E636F6D2E6D666973682E7363686564756C65722E6A6F622E4D664A6F62222C226964225C3A223930386333363337653363393931346562393766343537366631383764363638222C226A6F6247726F7570225C3A22444641554C54222C226A6F624E616D65225C3A225C75363732435C75353733305C75384330335C75373532385C75364434425C7538424435222C226A6F6254797065225C3A302C226C6F6754797065225C3A312C226D6574686F644E616D65225C3A2274657374222C226D69736669726548616E646C6572225C3A312C22706172616D73225C3A225B5C5C6E20205C5C225C75363732435C75353733305C75364434425C75384244355C5C225C5C6E5D222C227072696F72697479225C3A312C2272656D61726B225C3A225C75363732435C75353733305C75353335355C75344532415C75353343325C75363537305C75364434425C7538424435222C22737461747573225C3A302C2273756273637269626573225C3A5B7B2263726F6E225C3A2230202A202A203F202A202A222C22656E6454696D65225C3A22323032352D30322D32342032335C3A30315C3A3531222C226964225C3A223964343461663063326636303463376661333535393032656134613934383563222C226A6F624964225C3A223930386333363337653363393931346562393766343537366631383764363638222C22737461727454696D65225C3A22323032332D30322D32342032335C3A30315C3A3531222C22737461747573225C3A307D5D2C2274696D655A6F6E65225C3A22417369612F5368616E67686169222C227570646174654279225C3A2261646D696E222C2275706461746554696D65225C3A22323032332D30352D32302031325C3A32325C3A3239227D0D0A);

-- ----------------------------
-- Table structure for sso_client_details
-- ----------------------------
DROP TABLE IF EXISTS `sso_client_details`;
CREATE TABLE `sso_client_details`  (
  `id` varchar(36) CHARACTER SET utf8mb4 COLLATE utf8mb4_general_ci NOT NULL COMMENT '唯一ID',
  `client_id` varchar(128) CHARACTER SET utf8mb4 COLLATE utf8mb4_general_ci NOT NULL COMMENT '客户端ID',
  `client_name` varchar(200) CHARACTER SET utf8mb4 COLLATE utf8mb4_general_ci NULL DEFAULT NULL COMMENT '客户端名称',
  `resource_ids` varchar(256) CHARACTER SET utf8mb4 COLLATE utf8mb4_general_ci NULL DEFAULT NULL COMMENT '客户端能访问的资源集合',
  `client_secret` varchar(256) CHARACTER SET utf8mb4 COLLATE utf8mb4_general_ci NULL DEFAULT NULL COMMENT '客户端密钥',
  `scope` varchar(200) CHARACTER SET utf8mb4 COLLATE utf8mb4_general_ci NULL DEFAULT NULL COMMENT '指定客户端权限范围',
  `grant_types` varchar(100) CHARACTER SET utf8mb4 COLLATE utf8mb4_general_ci NULL DEFAULT NULL COMMENT '认证方式 授权码模式:authorization_code,密码模式:password,刷新token: refresh_token',
  `redirect_url` varchar(1000) CHARACTER SET utf8mb4 COLLATE utf8mb4_general_ci NULL DEFAULT NULL COMMENT '客户端重定向url，authorization_code认证回调地址',
  `authorities` varchar(256) CHARACTER SET utf8mb4 COLLATE utf8mb4_general_ci NULL DEFAULT NULL COMMENT '指定用户的权限范围',
  `auto_approve` tinyint(1) NULL DEFAULT NULL COMMENT '跳过授权页,默认true,适用于authorization_code模式',
  `create_by` varchar(50) CHARACTER SET utf8mb4 COLLATE utf8mb4_general_ci NULL DEFAULT NULL COMMENT '创建用户',
  `create_time` datetime NULL DEFAULT NULL COMMENT '创建时间',
  `update_by` varchar(50) CHARACTER SET utf8mb4 COLLATE utf8mb4_general_ci NULL DEFAULT NULL COMMENT '更新用户',
  `update_time` datetime NULL DEFAULT NULL COMMENT '更新时间',
  `del_flag` tinyint(1) NULL DEFAULT 0 COMMENT '删除标记(0未删除1删除)',
  PRIMARY KEY (`id`) USING BTREE
) ENGINE = InnoDB CHARACTER SET = utf8mb4 COLLATE = utf8mb4_general_ci COMMENT = '客户端信息' ROW_FORMAT = DYNAMIC;

-- ----------------------------
-- Records of sso_client_details
-- ----------------------------
INSERT INTO `sso_client_details` VALUES ('1', 'system', '系统', NULL, 'system', 'all', 'authorization_code,password,refresh_token', 'http://localhost:5281/oauth2.*,http://localhost:11119/oauth2.*', NULL, 1, NULL, NULL, 'admin', '2023-10-13 16:02:05', 0);

-- ----------------------------
-- Table structure for sso_menu
-- ----------------------------
DROP TABLE IF EXISTS `sso_menu`;
CREATE TABLE `sso_menu`  (
  `id` varchar(36) CHARACTER SET utf8mb4 COLLATE utf8mb4_general_ci NOT NULL COMMENT '菜单ID',
  `parent_id` varchar(36) CHARACTER SET utf8mb4 COLLATE utf8mb4_general_ci NOT NULL DEFAULT '' COMMENT '父菜单ID',
  `menu_code` varchar(200) CHARACTER SET utf8mb4 COLLATE utf8mb4_general_ci NULL DEFAULT NULL COMMENT '菜单编码',
  `menu_level` tinyint(4) NULL DEFAULT NULL COMMENT '菜单级别',
  `menu_name` varchar(50) CHARACTER SET utf8mb4 COLLATE utf8mb4_general_ci NOT NULL COMMENT '菜单名称',
  `menu_icon` varchar(100) CHARACTER SET utf8mb4 COLLATE utf8mb4_general_ci NULL DEFAULT '#' COMMENT '菜单图标',
  `menu_sort` int(4) NULL DEFAULT 0 COMMENT '菜单顺序',
  `menu_type` tinyint(1) UNSIGNED ZEROFILL NULL DEFAULT 0 COMMENT '菜单类型（0目录 1菜单 2按钮）',
  `route_path` varchar(200) CHARACTER SET utf8mb4 COLLATE utf8mb4_general_ci NULL DEFAULT '' COMMENT '路由地址',
  `component` varchar(255) CHARACTER SET utf8mb4 COLLATE utf8mb4_general_ci NULL DEFAULT NULL COMMENT '组件路径',
  `permissions` varchar(200) CHARACTER SET utf8mb4 COLLATE utf8mb4_general_ci NULL DEFAULT NULL COMMENT '权限标识(多个标识逗号隔开)',
  `is_external` tinyint(1) NULL DEFAULT 0 COMMENT '是否为外部链接（1是 0否）',
  `is_visible` tinyint(1) NULL DEFAULT 1 COMMENT '菜单状态（1显示 0隐藏）',
  `active_menu` varchar(200) CHARACTER SET utf8mb4 COLLATE utf8mb4_general_ci NULL DEFAULT NULL COMMENT '当前激活菜单(当菜单隐藏时，设置当前激活的菜单项)',
  `is_keepalive` tinyint(1) NULL DEFAULT NULL COMMENT '是否缓存(1是 0否)',
  `remark` varchar(500) CHARACTER SET utf8mb4 COLLATE utf8mb4_general_ci NULL DEFAULT '' COMMENT '描述',
  `create_by` varchar(50) CHARACTER SET utf8mb4 COLLATE utf8mb4_general_ci NULL DEFAULT '' COMMENT '创建者',
  `create_time` datetime NULL DEFAULT NULL COMMENT '创建时间',
  `update_by` varchar(50) CHARACTER SET utf8mb4 COLLATE utf8mb4_general_ci NULL DEFAULT '' COMMENT '更新者',
  `update_time` datetime NULL DEFAULT NULL COMMENT '更新时间',
  PRIMARY KEY (`id`) USING BTREE,
  INDEX `index_menu_code`(`menu_code`) USING BTREE COMMENT '菜单编码索引'
) ENGINE = InnoDB CHARACTER SET = utf8mb4 COLLATE = utf8mb4_general_ci COMMENT = '菜单表' ROW_FORMAT = DYNAMIC;

-- ----------------------------
-- Records of sso_menu
-- ----------------------------
INSERT INTO `sso_menu` VALUES ('01ee419d3dcc28acf1920428391720b7', '292791abfbf63b35ad9ce510c0a5823e', '000110000400004', 3, '删除', '#', 4, 2, '', NULL, 'sys:mfApi:query,sys:mfApi:delete', 0, 1, NULL, NULL, '', 'admin', '2023-08-02 10:39:11', '', NULL);
INSERT INTO `sso_menu` VALUES ('0526179a70fca38a69dd709dec2f1a81', '6e491486dc4cb475e4bd037d06ab2801', '0000300004', 2, 'Vben文档', 'ion:social-vimeo-outline', 5, 1, '/vben', 'https://doc.vvbin.cn/guide/introduction.html', NULL, 0, 1, NULL, 1, '', 'admin', '2022-12-15 09:14:09', 'admin', '2023-03-09 10:36:52');
INSERT INTO `sso_menu` VALUES ('08a567f09c8d90660c23f2b432e0e1d9', 'bea31d33d125895a9eaa827863341a91', '0000800001', 2, '聊天', 'ion:chatbubbles-outline', 1, 1, '/ai', '/chat/ai/index.vue', NULL, 0, 1, NULL, 1, '', 'admin', '2023-02-08 16:46:12', 'admin', '2023-02-08 17:20:37');
INSERT INTO `sso_menu` VALUES ('0aa9f017545ec947a075f76e34c075c0', '', '00007', 1, '系统监控', 'ion:fitness-outline', 7, 0, '/monitor', NULL, NULL, 0, 1, NULL, NULL, '', 'admin', '2023-01-27 13:55:58', 'admin', '2023-09-01 15:14:23');
INSERT INTO `sso_menu` VALUES ('0f5a85a6fd5bdc9df26b826eec3c17f1', '2a4e024fdc76063da32926c63ca9ead2', '0000200004', 2, '角色管理', 'ion:ios-key', 3, 1, '/role', '/sys/role/index.vue', NULL, 0, 1, NULL, 1, '', 'admin', '2022-11-30 17:32:14', 'admin', '2022-12-14 14:25:37');
INSERT INTO `sso_menu` VALUES ('101cb161536a5a80731a4d6db0b5eeac', 'c52a49da263d57d2c89edcbc9ca70a0a', '000020001000001', 3, '查询', '#', 1, 2, '', NULL, 'sys:online:query', 0, 1, NULL, NULL, '', 'admin', '2023-03-10 10:20:38', '', NULL);
INSERT INTO `sso_menu` VALUES ('1a0aee8380c525e7c4802b1c4d587fa8', '6e491486dc4cb475e4bd037d06ab2801', '0000300001', 2, '接口文档', 'simple-icons:swagger', 1, 1, '/swagger', 'http://app.mfish.com.cn:11116/swagger-ui/index.html', NULL, 0, 1, NULL, 0, '', 'admin', '2022-12-14 10:25:31', 'admin', '2023-09-01 14:58:24');
INSERT INTO `sso_menu` VALUES ('1a73215261f568088e9adeef2dbd8e44', 'a988f38821885f8f8aaffa49d681aaac', '000020000100004', 3, '删除', '#', 4, 2, '', NULL, 'sys:menu:delete,sys:menu:query', 0, 1, NULL, NULL, '', 'admin', '2022-11-08 17:05:36', 'admin', '2022-12-20 11:34:00');
INSERT INTO `sso_menu` VALUES ('1ce2ac44228e37c063e9cd55ed8f0a49', '6e491486dc4cb475e4bd037d06ab2801', '0000300002', 2, 'GitHub地址', 'ion:logo-github', 2, 1, '/git', 'https://github.com/mfish-qf/mfish-nocode', NULL, 1, 1, NULL, 1, '', 'admin', '2022-12-14 15:27:03', 'admin', '2023-04-30 11:34:12');
INSERT INTO `sso_menu` VALUES ('1e1b7d50ab93ffdeca33fe5b7006eb01', 'a43c057f48b54c9038719179cf9e284d', '000090000200001', 3, '查询', '#', 1, 2, '', NULL, 'sys:jobLog:query', 0, 1, NULL, NULL, '', 'admin', '2023-03-10 17:11:32', '', NULL);
INSERT INTO `sso_menu` VALUES ('234dc900ad6502579a51784f9ddb05d5', '76f68d05f5054818762718ee85d6d0fe', '000010000100002', 3, '新增', '#', 2, 2, '', NULL, 'sys:workbench:insert', 0, 1, NULL, NULL, '', 'admin', '2023-03-10 17:15:10', '', NULL);
INSERT INTO `sso_menu` VALUES ('238132a09b6f761374dfd205b6388245', '9d5397b6ddb4d194a95b05f42b80445b', '000090000100001', 3, '查询', '#', 1, 2, '', NULL, 'sys:job:query', 0, 1, NULL, NULL, '', 'admin', '2023-03-10 17:11:24', '', NULL);
INSERT INTO `sso_menu` VALUES ('25a5783ea03e26d7844b9b7370576236', 'cfbdf3ce5297cebf806ac116fc239558', '000020000800001', 3, '查询', '#', 1, 2, '', NULL, 'sys:log:query', 0, 1, NULL, NULL, '', 'admin', '2023-03-10 10:06:31', 'mfish', '2023-07-31 14:52:22');
INSERT INTO `sso_menu` VALUES ('2628fb3c4166d6469f06fcea9b9c0c55', 'c52a49da263d57d2c89edcbc9ca70a0a', '000020001000002', 3, '强制退出', '#', 2, 2, '', NULL, 'sys:online:revoke,sys:online:query', 0, 1, NULL, NULL, '', 'admin', '2023-03-10 10:21:07', '', NULL);
INSERT INTO `sso_menu` VALUES ('268d140daddc00dc77823c7d7c2025fb', '76f68d05f5054818762718ee85d6d0fe', '000010000100001', 3, '查询', '#', 1, 2, '', NULL, 'sys:workbench:query', 0, 1, NULL, NULL, '', 'admin', '2023-03-10 17:15:10', 'admin', '2023-03-10 17:15:25');
INSERT INTO `sso_menu` VALUES ('285bb37f32e878e24d5a22445c1bc5af', '292791abfbf63b35ad9ce510c0a5823e', '000110000400003', 3, '修改', '#', 3, 2, '', NULL, 'sys:mfApi:query,sys:mfApi:update', 0, 1, NULL, NULL, '', 'admin', '2023-08-02 10:39:11', '', NULL);
INSERT INTO `sso_menu` VALUES ('292791abfbf63b35ad9ce510c0a5823e', '70943d8248fd8f77ade038d9afa0bf33', '0001100004', 2, '自助API', 'ant-design:api-outlined', 2, 1, '/mf-api', '/nocode/api-folder/index.vue', NULL, 0, 1, NULL, 1, '', 'admin', '2023-08-02 10:39:11', 'admin', '2024-01-09 11:47:18');
INSERT INTO `sso_menu` VALUES ('2a4e024fdc76063da32926c63ca9ead2', '', '00002', 1, '系统管理', 'ant-design:setting-outlined', 3, 0, '/system', NULL, NULL, 0, 1, NULL, NULL, '', 'admin', '2022-11-08 16:59:57', 'admin', '2023-09-01 15:13:58');
INSERT INTO `sso_menu` VALUES ('369de1bef8d1e964414f25ec6d3156bc', '6aee07bfe60f4ee4021bfce397a8f4df', '000110000300003', 3, '修改', '#', 3, 2, '', NULL, 'sys:database:query,sys:database:update', 0, 1, NULL, NULL, '', 'admin', '2023-07-25 17:49:02', '', NULL);
INSERT INTO `sso_menu` VALUES ('3a74d165bcd286f102e10a1be8c23eef', '60efb66a88ab33b339718eb0d052a033', '000020000900004', 3, '状态修改', '#', 4, 2, '', NULL, 'sys:file:status,sys:file:query', 0, 1, NULL, NULL, '', 'admin', '2023-03-10 10:51:47', '', NULL);
INSERT INTO `sso_menu` VALUES ('3a92fd411f0a70bf477e6dc354f4e29e', '74ce27a1e94091da2efa714e32680e7a', '000120000100001', 3, '查询', '#', 1, 2, '', NULL, 'sys:ssoTenant:query', 0, 1, NULL, NULL, '', 'mfish', '2023-06-28 13:02:17', '', NULL);
INSERT INTO `sso_menu` VALUES ('3c4b2d0f7558d7f45a29fd9c6a7edea7', '3d1efa154266719e6322808064df4b13', '000020001100001', 3, '查询', '#', 1, 2, '', NULL, 'sys:database:query', 0, 1, NULL, NULL, '', 'admin', '2023-04-05 21:55:09', '', NULL);
INSERT INTO `sso_menu` VALUES ('3d1efa154266719e6322808064df4b13', '2a4e024fdc76063da32926c63ca9ead2', '0000200011', 2, '数据库', 'ion:server-outline', 12, 1, '/db-connect', '/sys/db-connect/index.vue', NULL, 0, 1, NULL, 1, '', 'admin', '2023-04-05 21:55:09', 'admin', '2023-05-18 09:04:51');
INSERT INTO `sso_menu` VALUES ('40bf4846599bf8dbd307f77bf51a7dad', '', '00012', 1, '租户管理', 'ion:home-outline', 4, 0, '/tenant', NULL, NULL, 0, 1, NULL, NULL, '', 'admin', '2023-05-31 22:41:48', 'admin', '2023-09-01 15:14:04');
INSERT INTO `sso_menu` VALUES ('43ca0b3ba70c7ba5a2f91882f618208b', '3d1efa154266719e6322808064df4b13', '000020001100004', 3, '删除', '#', 4, 2, '', NULL, 'sys:database:query,sys:database:delete', 0, 1, NULL, NULL, '', 'admin', '2023-04-05 21:55:09', '', NULL);
INSERT INTO `sso_menu` VALUES ('442f89857faa6bc929ef4f422b8c4b99', '74ce27a1e94091da2efa714e32680e7a', '000120000100002', 3, '新增', '#', 2, 2, '', NULL, 'sys:ssoTenant:query,sys:ssoTenant:insert', 0, 1, NULL, NULL, '', 'mfish', '2023-06-28 13:02:42', '', NULL);
INSERT INTO `sso_menu` VALUES ('4527c6c05549e3594f135ac056faaece', '', '00004', 1, '引导页', 'ant-design:format-painter-outlined', 19, 1, '/setup', '/demo/setup/index.vue', NULL, 0, 1, NULL, 1, '', 'admin', '2022-11-08 17:11:09', 'test', '2023-03-10 11:24:41');
INSERT INTO `sso_menu` VALUES ('4bfec85ae3174915cd2a3e8ddd822220', '', '00010', 1, '关于', 'simple-icons:aboutdotme', 21, 1, '/about', '/sys/about/index.vue', NULL, 0, 1, NULL, 0, '', 'admin', '2023-03-10 17:25:30', '', NULL);
INSERT INTO `sso_menu` VALUES ('4cabb05e97ea7a738a2f7ce3c9d224d8', '9d5397b6ddb4d194a95b05f42b80445b', '000090000100004', 3, '删除', '#', 4, 2, '', NULL, 'sys:job:delete,sys:job:query', 0, 1, NULL, NULL, '', 'admin', '2023-03-10 17:11:24', '', NULL);
INSERT INTO `sso_menu` VALUES ('4ef7029abe93c11601678ba16dac406f', '2a4e024fdc76063da32926c63ca9ead2', '0000200002', 2, '帐号管理', 'ion:people-sharp', 4, 1, '/account', '/sys/account/index.vue', '', 0, 1, NULL, 1, '', 'admin', '2022-11-30 16:40:28', 'admin', '2023-01-04 21:03:33');
INSERT INTO `sso_menu` VALUES ('503e3ac379a2e17e99105b77a727e6db', '', '00001', 1, '驾驶舱', 'ant-design:appstore-outlined', 1, 0, '/dashboard', NULL, NULL, 0, 1, NULL, NULL, '', 'admin', '2022-11-08 16:53:57', 'admin', '2023-01-05 14:46:43');
INSERT INTO `sso_menu` VALUES ('520873645d565776988d81481d8b0d26', '74ce27a1e94091da2efa714e32680e7a', '000120000100003', 3, '修改', '#', 3, 2, '', NULL, 'sys:ssoTenant:query,sys:ssoTenant:update', 0, 1, NULL, NULL, '', 'mfish', '2023-06-28 13:02:59', '', NULL);
INSERT INTO `sso_menu` VALUES ('5271166ced06a95d787dc049d3f19bd2', '3d1efa154266719e6322808064df4b13', '000020001100003', 3, '修改', '#', 3, 2, '', NULL, 'sys:database:query,sys:database:update', 0, 1, NULL, NULL, '', 'admin', '2023-04-05 21:55:09', '', NULL);
INSERT INTO `sso_menu` VALUES ('58efbcc5f46b95aeab069076031959e7', 'addeaf01bc278e216de75ad26a8f27b6', '000020000300003', 3, '修改', '#', 3, 2, '', NULL, 'sys:org:update,sys:org:query', 0, 1, NULL, NULL, '', 'admin', '2022-11-30 17:28:45', 'admin', '2022-12-20 11:45:25');
INSERT INTO `sso_menu` VALUES ('5ad16d38964bf541b6417b07ddf33d9b', '6aee07bfe60f4ee4021bfce397a8f4df', '000110000300002', 3, '新增', '#', 2, 2, '', NULL, 'sys:database:query,sys:database:insert', 0, 1, NULL, NULL, '', 'admin', '2023-07-25 17:49:02', '', NULL);
INSERT INTO `sso_menu` VALUES ('5b543a83371c766788047a1a1907cffd', '9c6f4eff70d7b2048f63adf229c5d30d', '0000600001', 2, '目录1', 'ion:folder-open-outline', 1, 0, '/menu1', NULL, NULL, 0, 1, NULL, NULL, '', 'admin', '2022-12-14 17:03:39', 'admin', '2023-03-10 17:14:41');
INSERT INTO `sso_menu` VALUES ('5c723efc132b50c0284d79eaafed5a0f', '6e491486dc4cb475e4bd037d06ab2801', '0000300003', 2, 'AntDesign文档', 'ion:social-angular-outline', 4, 1, '/ant', 'https://www.antdv.com/docs/vue/introduce-cn/', NULL, 1, 1, NULL, 1, '', 'admin', '2022-12-14 15:38:22', 'admin', '2023-11-20 15:43:46');
INSERT INTO `sso_menu` VALUES ('60efb66a88ab33b339718eb0d052a033', '2a4e024fdc76063da32926c63ca9ead2', '0000200009', 2, '文件管理', 'ion:file-tray-full-outline', 9, 1, '/file', '/storage/sys-file/index.vue', NULL, 0, 1, NULL, 1, '', 'admin', '2023-03-02 14:58:44', 'admin', '2023-04-11 22:23:20');
INSERT INTO `sso_menu` VALUES ('67dfbce31013ada62800425f72997962', '2a4e024fdc76063da32926c63ca9ead2', '0000200006', 2, '字典项', 'ion:ios-menu', 6, 1, '/dict/:dictCode', '/sys/dict-item/index.vue', NULL, 0, 0, '0000200005', 0, '', 'admin', '2023-01-03 17:07:39', 'admin', '2023-04-11 22:22:19');
INSERT INTO `sso_menu` VALUES ('6a38a3847b66cc690c3a2eacedb4e81f', '76f68d05f5054818762718ee85d6d0fe', '000010000100003', 3, '修改', '#', 3, 2, '', NULL, 'sys:workbench:update', 0, 1, NULL, NULL, '', 'admin', '2023-03-10 17:15:10', '', NULL);
INSERT INTO `sso_menu` VALUES ('6ac6bc8054107436e24356e3466f00db', '4ef7029abe93c11601678ba16dac406f', '000020000200001', 3, '查询', '#', 1, 2, '', NULL, 'sys:account:query', 0, 1, NULL, NULL, '', 'admin', '2022-11-30 16:54:15', 'admin', '2022-12-20 11:46:51');
INSERT INTO `sso_menu` VALUES ('6aee07bfe60f4ee4021bfce397a8f4df', '70943d8248fd8f77ade038d9afa0bf33', '0001100003', 2, '数据源', 'ant-design:database-outlined', 3, 1, '/database', '/sys/database/index.vue', NULL, 0, 1, NULL, 1, '', 'admin', '2023-07-25 17:49:02', 'admin', '2024-01-09 11:47:32');
INSERT INTO `sso_menu` VALUES ('6cedf51376c8998eb49e280cdba6c533', 'a606083b203d32915c4d0e649c7b7c6b', '000110000100003', 3, '删除', '#', 3, 2, '', NULL, 'sys:codeBuild:query,sys:codeBuild:delete', 0, 1, NULL, NULL, '', 'mfish', '2023-07-11 09:57:45', '', NULL);
INSERT INTO `sso_menu` VALUES ('6d71e92a5a3712acbcfcc58f65b93f4f', '7e690410346c4d3a1610d85e8c9f906b', '000120000300001', 3, '上传图像', '#', 1, 2, '', NULL, 'sys:file:upload', 0, 1, NULL, NULL, '', 'admin', '2023-06-29 10:54:29', '', NULL);
INSERT INTO `sso_menu` VALUES ('6e02e0e621140968dc62a2ce3dfa198d', '9d5397b6ddb4d194a95b05f42b80445b', '000090000100002', 3, '新增', '#', 2, 2, '', NULL, 'sys:job:insert,sys:job:query', 0, 1, NULL, NULL, '', 'admin', '2023-03-10 17:11:24', '', NULL);
INSERT INTO `sso_menu` VALUES ('6e491486dc4cb475e4bd037d06ab2801', '', '00003', 1, '项目文档', 'ion:book-outline', 5, 0, '/doc', NULL, NULL, 1, 1, NULL, NULL, '', 'admin', '2022-11-08 17:08:24', 'admin', '2023-02-14 17:13:51');
INSERT INTO `sso_menu` VALUES ('6fd5cdaf86772d4db0587f3b9281f99b', 'a988f38821885f8f8aaffa49d681aaac', '000020000100003', 3, '修改', '#', 3, 2, '', NULL, 'sys:menu:update,sys:menu:query', 0, 1, NULL, NULL, '', 'admin', '2022-11-08 17:05:12', 'admin', '2022-12-20 11:33:37');
INSERT INTO `sso_menu` VALUES ('70943d8248fd8f77ade038d9afa0bf33', '', '00011', 1, '低代码', 'ant-design:code-outlined', 2, 0, '/low-code', NULL, NULL, 0, 1, NULL, NULL, '', 'admin', '2023-03-29 10:26:55', 'admin', '2023-09-01 15:13:44');
INSERT INTO `sso_menu` VALUES ('731738ed9bbd2e36456b790dfadcb84e', '60efb66a88ab33b339718eb0d052a033', '000020000900001', 3, '查询', '#', 1, 2, '', NULL, 'sys:file:query', 0, 1, NULL, NULL, '', 'admin', '2023-03-10 10:15:47', 'admin', '2023-03-10 10:17:31');
INSERT INTO `sso_menu` VALUES ('74ce27a1e94091da2efa714e32680e7a', '40bf4846599bf8dbd307f77bf51a7dad', '0001200001', 2, '租户配置', 'ant-design:home-outlined', 1, 1, '/config', '/sys/sso-tenant/index.vue', NULL, 0, 1, NULL, 1, '', 'admin', '2023-05-31 22:43:26', 'admin', '2023-06-13 15:51:35');
INSERT INTO `sso_menu` VALUES ('75882dc140444e061741fbd9f026dd2b', 'a988f38821885f8f8aaffa49d681aaac', '000020000100001', 3, '查询', '#', 1, 2, '', NULL, 'sys:menu:query', 0, 1, NULL, NULL, '', 'admin', '2022-11-08 17:04:16', 'admin', '2022-11-30 16:59:33');
INSERT INTO `sso_menu` VALUES ('76f149981f1c86fce81f2f4cdb9674b9', 'addeaf01bc278e216de75ad26a8f27b6', '000020000300001', 3, '查询', '#', 1, 2, '', NULL, 'sys:org:query', 0, 1, NULL, NULL, '', 'admin', '2022-11-30 17:26:51', '', NULL);
INSERT INTO `sso_menu` VALUES ('76f68d05f5054818762718ee85d6d0fe', '503e3ac379a2e17e99105b77a727e6db', '0000100001', 2, '工作台', 'ant-design:calendar-outlined', 1, 1, '/workbench', '/dashboard/workbench/index.vue', NULL, 0, 1, NULL, 1, '', 'admin', '2023-03-10 17:15:10', 'test', '2023-06-23 20:12:21');
INSERT INTO `sso_menu` VALUES ('79cbc9e257ee8f44db6b133c584ff86a', '3d1efa154266719e6322808064df4b13', '000020001100002', 3, '新增', '#', 2, 2, '', NULL, 'sys:database:query,sys:database:insert', 0, 1, NULL, NULL, '', 'admin', '2023-04-05 21:55:09', '', NULL);
INSERT INTO `sso_menu` VALUES ('7e690410346c4d3a1610d85e8c9f906b', '40bf4846599bf8dbd307f77bf51a7dad', '0001200003', 2, '个人信息', 'ion:person', 7, 1, '/info/1', '/sys/account/setting/index.vue', NULL, 0, 1, '0000200002', 1, '', 'admin', '2023-06-29 10:54:29', 'admin', '2023-06-29 10:59:16');
INSERT INTO `sso_menu` VALUES ('7e87849f80699ad24292fd9908f5aeb8', '76f68d05f5054818762718ee85d6d0fe', '000010000100004', 3, '删除', '#', 4, 2, '', NULL, 'sys:workbench:delete', 0, 1, NULL, NULL, '', 'admin', '2023-03-10 17:15:10', 'admin', '2023-03-10 17:15:39');
INSERT INTO `sso_menu` VALUES ('80526081fb00ce5dbe629ef358231909', 'c9eb585420911ee18335d935d3872934', '000020000500001', 3, '查询', '#', 1, 2, '', NULL, 'sys:dict:query', 0, 1, NULL, NULL, '', 'admin', '2023-03-10 10:00:35', '', NULL);
INSERT INTO `sso_menu` VALUES ('81ecfe903cb3116f00c367678059c87c', '6aee07bfe60f4ee4021bfce397a8f4df', '000110000300001', 3, '查询', '#', 1, 2, '', NULL, 'sys:database:query', 0, 1, NULL, NULL, '', 'admin', '2023-07-25 17:49:02', '', NULL);
INSERT INTO `sso_menu` VALUES ('8360ab9544a00dc7d9f15594dd69e2ff', 'a606083b203d32915c4d0e649c7b7c6b', '000110000100002', 3, '新增', '#', 2, 2, '', NULL, 'sys:codeBuild:query,sys:codeBuild:insert', 0, 1, NULL, NULL, '', 'mfish', '2023-07-11 09:57:12', '', NULL);
INSERT INTO `sso_menu` VALUES ('85cd52250e435c555622c268262f4c02', 'a606083b203d32915c4d0e649c7b7c6b', '000110000100001', 3, '查询', '#', 1, 2, '', NULL, 'sys:codeBuild:query', 0, 1, NULL, NULL, '', 'mfish', '2023-07-11 09:56:58', '', NULL);
INSERT INTO `sso_menu` VALUES ('8ad60664c7060f811559bde09a79dae5', '5b543a83371c766788047a1a1907cffd', '000060000100001', 3, '目录2', 'ion:folder-open-outline', 1, 0, '/menu2', NULL, NULL, 0, 1, NULL, NULL, '', 'admin', '2022-12-14 17:04:20', 'admin', '2023-01-03 20:27:11');
INSERT INTO `sso_menu` VALUES ('93190e5d426f69cd2712aac373542698', 'cfc0ca0b3c9220fa3cae26420cf0c51f', '000020001300002', 3, '新增', '#', 2, 2, '', NULL, 'sys:client:query,sys:client:insert', 0, 1, NULL, NULL, '', 'admin', '2023-05-17 22:26:36', '', NULL);
INSERT INTO `sso_menu` VALUES ('967795af502129d318899a60716da84f', 'a988f38821885f8f8aaffa49d681aaac', '000020000100002', 3, '新增', '#', 2, 2, '', NULL, 'sys:menu:insert,sys:menu:query', 0, 1, NULL, NULL, '', 'admin', '2022-11-08 17:04:45', 'admin', '2022-12-20 11:30:37');
INSERT INTO `sso_menu` VALUES ('9840528e4a1efd3a510d8a087baf4bdb', 'cfc0ca0b3c9220fa3cae26420cf0c51f', '000020001300004', 3, '删除', '#', 4, 2, '', NULL, 'sys:client:query,sys:client:delete', 0, 1, NULL, NULL, '', 'admin', '2023-05-17 23:30:20', '', NULL);
INSERT INTO `sso_menu` VALUES ('9a293c164762776e0a876323a3363dec', 'cfbdf3ce5297cebf806ac116fc239558', '000020000800002', 3, '删除', '#', 2, 2, '', NULL, 'sys:log:delete,sys:log:query', 0, 1, NULL, NULL, '', 'admin', '2023-03-10 10:07:06', 'mfish', '2023-07-31 14:52:36');
INSERT INTO `sso_menu` VALUES ('9b9139c09668bb22888201b7e8a812c4', '0f5a85a6fd5bdc9df26b826eec3c17f1', '000020000400003', 3, '修改', '#', 3, 2, '', NULL, 'sys:role:update,sys:role:query', 0, 1, NULL, NULL, '', 'admin', '2022-11-30 17:58:08', 'admin', '2022-12-20 11:46:23');
INSERT INTO `sso_menu` VALUES ('9c6f4eff70d7b2048f63adf229c5d30d', '', '00006', 1, '多级目录', 'ion:folder-open-outline', 8, 0, '/level', NULL, NULL, 0, 1, NULL, NULL, '', 'admin', '2022-12-14 17:03:01', 'admin', '2023-09-01 15:14:30');
INSERT INTO `sso_menu` VALUES ('9d5397b6ddb4d194a95b05f42b80445b', 'ca0a3c9ae9cd551ee4e1b727861b7c78', '0000900001', 2, '任务管理', 'ion:caret-forward-circle-outline', 1, 1, '/job', '/scheduler/job/index.vue', NULL, 0, 1, NULL, 1, '', 'admin', '2023-03-10 17:11:24', '', NULL);
INSERT INTO `sso_menu` VALUES ('9f46c219e3fc35b1c2ef3a95438b16bf', '4ef7029abe93c11601678ba16dac406f', '000020000200002', 3, '新增', '#', 2, 2, '', NULL, 'sys:account:insert,sys:account:query', 0, 1, NULL, NULL, '', 'admin', '2022-11-30 17:03:02', 'admin', '2022-12-20 11:47:06');
INSERT INTO `sso_menu` VALUES ('a27822a74728632e0e0ed10d8285bf54', '4ef7029abe93c11601678ba16dac406f', '000020000200004', 3, '删除', '#', 4, 2, '', NULL, 'sys:account:delete,  sys:account:query', 0, 1, NULL, NULL, '', 'admin', '2022-11-30 17:03:48', 'admin', '2022-12-20 11:47:15');
INSERT INTO `sso_menu` VALUES ('a2cdbac934bae3da9987df0655db2455', '6aee07bfe60f4ee4021bfce397a8f4df', '000110000300004', 3, '删除', '#', 4, 2, '', NULL, 'sys:database:query,sys:database:delete', 0, 1, NULL, NULL, '', 'admin', '2023-07-25 17:49:02', '', NULL);
INSERT INTO `sso_menu` VALUES ('a43c057f48b54c9038719179cf9e284d', 'ca0a3c9ae9cd551ee4e1b727861b7c78', '0000900002', 2, '任务日志', 'ion:ios-paper-outline', 2, 1, '/jobLog', '/scheduler/job-log/index.vue', NULL, 0, 1, NULL, 1, '', 'admin', '2023-03-10 17:11:32', 'admin', '2023-04-11 22:24:06');
INSERT INTO `sso_menu` VALUES ('a606083b203d32915c4d0e649c7b7c6b', '70943d8248fd8f77ade038d9afa0bf33', '0001100001', 2, '代码生成', 'ion:code-slash-outline', 4, 1, '/code-build', '/sys/code-build/index.vue', NULL, 0, 1, NULL, 1, '', 'admin', '2023-04-11 22:19:43', 'admin', '2024-01-09 11:47:36');
INSERT INTO `sso_menu` VALUES ('a7145a05342033be0caa4a8f1e262f8a', '60efb66a88ab33b339718eb0d052a033', '000020000900003', 3, '删除', '#', 3, 2, '', NULL, 'sys:file:delete,sys:file:query', 0, 1, NULL, NULL, '', 'admin', '2023-03-10 10:16:57', 'admin', '2023-03-10 10:17:49');
INSERT INTO `sso_menu` VALUES ('a988f38821885f8f8aaffa49d681aaac', '2a4e024fdc76063da32926c63ca9ead2', '0000200001', 2, '菜单管理', 'ion:ios-menu', 1, 1, '/menu', '/sys/menu/index.vue', '', 0, 1, NULL, 1, '', 'admin', '2022-11-08 17:02:02', 'admin', '2022-12-14 14:25:17');
INSERT INTO `sso_menu` VALUES ('ad2ab62e13c7750dcb5b41b00cbdcf66', '9d5397b6ddb4d194a95b05f42b80445b', '000090000100003', 3, '修改', '#', 3, 2, '', NULL, 'sys:job:update,sys:job:query', 0, 1, NULL, NULL, '', 'admin', '2023-03-10 17:11:24', '', NULL);
INSERT INTO `sso_menu` VALUES ('addeaf01bc278e216de75ad26a8f27b6', '2a4e024fdc76063da32926c63ca9ead2', '0000200003', 2, '组织管理', 'ion:ios-people', 2, 1, '/org', '/sys/org/index.vue', '', 0, 1, NULL, 1, '', 'admin', '2022-11-30 17:22:12', 'admin', '2023-01-03 20:27:42');
INSERT INTO `sso_menu` VALUES ('afbf598d2290b24a5e87e7547c05515d', '292791abfbf63b35ad9ce510c0a5823e', '000110000400002', 3, '新增', '#', 2, 2, '', NULL, 'sys:mfApi:query,sys:mfApi:insert', 0, 1, NULL, NULL, '', 'admin', '2023-08-02 10:39:11', '', NULL);
INSERT INTO `sso_menu` VALUES ('b40f985b74d1dd6e311e21369beea8ea', 'cfc0ca0b3c9220fa3cae26420cf0c51f', '000020001300003', 3, '修改', '#', 3, 2, '', NULL, 'sys:client:query,sys:client:update', 0, 1, NULL, NULL, '', 'admin', '2023-05-17 22:27:08', '', NULL);
INSERT INTO `sso_menu` VALUES ('bcd18784374699438a215a9ab1e9b351', '8ad60664c7060f811559bde09a79dae5', '00006000010000100001', 4, '多级菜单', 'ant-design:appstore-outlined', 1, 1, '/menu3', '/demo/level/LevelMenu.vue', NULL, 0, 1, NULL, 1, '', 'admin', '2022-12-14 17:05:12', 'admin', '2023-04-20 18:11:25');
INSERT INTO `sso_menu` VALUES ('bea31d33d125895a9eaa827863341a91', '', '00008', 1, 'ChatGpt', 'ion:chatbox-ellipses-outline', 9, 0, '/chat', NULL, NULL, 0, 1, NULL, NULL, '', 'admin', '2023-02-08 16:45:13', 'admin', '2023-07-28 09:52:53');
INSERT INTO `sso_menu` VALUES ('bf2e6661d9a4d115f018ffd4ff202d92', 'cfc0ca0b3c9220fa3cae26420cf0c51f', '000020001300001', 3, '查询', '#', 1, 2, '', NULL, 'sys:client:query', 0, 1, NULL, NULL, '', 'admin', '2023-05-17 22:24:48', '', NULL);
INSERT INTO `sso_menu` VALUES ('c36420436629884000e73b158166f260', '9d5397b6ddb4d194a95b05f42b80445b', '000090000100005', 3, '执行', '#', 5, 2, '', NULL, 'sys:job:execute,sys:job:query', 0, 1, NULL, NULL, '', 'admin', '2023-03-10 17:11:24', '', NULL);
INSERT INTO `sso_menu` VALUES ('c46042d6e6d16ea95df6461648833675', '4ef7029abe93c11601678ba16dac406f', '000020000200003', 3, '修改', '#', 3, 2, '', NULL, 'sys:account:update,sys:account:query', 0, 1, NULL, NULL, '', 'admin', '2022-11-30 17:03:23', 'admin', '2022-12-17 22:26:35');
INSERT INTO `sso_menu` VALUES ('c487023e85c9aaf5510a03e8017b768c', '0f5a85a6fd5bdc9df26b826eec3c17f1', '000020000400004', 3, '删除', '#', 4, 2, '', NULL, 'sys:role:delete,sys:role:query', 0, 1, NULL, NULL, '', 'admin', '2022-11-30 18:02:10', 'admin', '2022-12-20 11:46:13');
INSERT INTO `sso_menu` VALUES ('c52a49da263d57d2c89edcbc9ca70a0a', '2a4e024fdc76063da32926c63ca9ead2', '0000200010', 2, '在线用户', 'ion:wifi', 10, 1, '/online', '/sys/online/index.vue', NULL, 0, 1, NULL, 1, '', 'admin', '2023-03-09 11:34:20', 'admin', '2023-03-09 15:19:05');
INSERT INTO `sso_menu` VALUES ('c9eb585420911ee18335d935d3872934', '2a4e024fdc76063da32926c63ca9ead2', '0000200005', 2, '字典管理', 'ion:ios-list', 5, 1, '/dict', '/sys/dict/index.vue', NULL, 0, 1, NULL, NULL, '', 'admin', '2022-11-30 18:08:11', 'admin', '2022-12-14 14:26:05');
INSERT INTO `sso_menu` VALUES ('ca0a3c9ae9cd551ee4e1b727861b7c78', '', '00009', 1, '任务调度', 'ion:calendar-outline', 6, 0, '/scheduler', NULL, NULL, 0, 1, NULL, NULL, '', 'admin', '2023-02-14 17:13:20', 'admin', '2023-09-01 15:14:15');
INSERT INTO `sso_menu` VALUES ('ce1a05cdedf2d0684574a30dd3ed14f9', '60efb66a88ab33b339718eb0d052a033', '000020000900002', 3, '上传', '#', 2, 2, '', NULL, 'sys:file:upload,sys:file:query', 0, 1, NULL, NULL, '', 'admin', '2023-03-10 10:16:27', 'admin', '2023-03-10 10:17:40');
INSERT INTO `sso_menu` VALUES ('ce71591e16d47d6b4ff1d52c2bb83ae7', 'c9eb585420911ee18335d935d3872934', '000020000500003', 3, '修改', '#', 3, 2, '', NULL, 'sys:dict:update,sys:dict:query', 0, 1, NULL, NULL, '', 'admin', '2023-03-10 10:01:46', '', NULL);
INSERT INTO `sso_menu` VALUES ('cfbdf3ce5297cebf806ac116fc239558', '2a4e024fdc76063da32926c63ca9ead2', '0000200008', 2, '日志管理', 'ion:ios-compose-outline', 8, 1, '/log', '/sys/sys-log/index.vue', NULL, 0, 1, NULL, 1, '', 'admin', '2023-01-08 22:17:26', 'admin', '2023-04-11 22:21:36');
INSERT INTO `sso_menu` VALUES ('cfc0ca0b3c9220fa3cae26420cf0c51f', '2a4e024fdc76063da32926c63ca9ead2', '0000200013', 2, '应用管理', 'ion:apps-outline', 11, 1, '/client', '/sys/sso-client-details/index.vue', NULL, 0, 1, NULL, 1, '', 'admin', '2023-05-12 22:51:01', 'admin', '2023-05-18 09:04:46');
INSERT INTO `sso_menu` VALUES ('d9832cd3aefbb5f99267edb995ff8c75', '74ce27a1e94091da2efa714e32680e7a', '000120000100004', 3, '删除', '#', 4, 2, '', NULL, 'sys:ssoTenant:query,sys:ssoTenant:delete', 0, 1, NULL, NULL, '', 'mfish', '2023-06-28 13:03:15', '', NULL);
INSERT INTO `sso_menu` VALUES ('e159379c94b8fcc58ebc38cf8b322772', '0aa9f017545ec947a075f76e34c075c0', '0000700001', 2, '监控中心', 'ion:fitness-sharp', 1, 1, '/center', 'http://app.mfish.com.cn:11121', NULL, 0, 1, NULL, 0, '', 'admin', '2023-01-27 13:56:32', 'admin', '2023-09-01 15:01:45');
INSERT INTO `sso_menu` VALUES ('e1996e92ac6cf37c0c2e40825a7af472', 'a43c057f48b54c9038719179cf9e284d', '000090000200002', 3, '删除', '#', 2, 2, '', NULL, 'sys:jobLog:delete,sys:jobLog:query', 0, 1, NULL, NULL, '', 'admin', '2023-03-10 17:11:32', '', NULL);
INSERT INTO `sso_menu` VALUES ('e48e7b98d2c0331ff6241514e97dad8b', 'c9eb585420911ee18335d935d3872934', '000020000500004', 3, '删除', '#', 4, 2, '', NULL, 'sys:dict:delete,sys:dict:query', 0, 1, NULL, NULL, '', 'admin', '2023-03-10 10:02:10', '', NULL);
INSERT INTO `sso_menu` VALUES ('e909edc44910691dedc2c5338ec0e603', '70943d8248fd8f77ade038d9afa0bf33', '0001100005', 2, '自助大屏', 'ant-design:fund-projection-screen-outlined', 1, 1, '/mf-screen', '/nocode/screen-folder/index.vue', NULL, 0, 1, NULL, 1, '', 'admin', '2024-01-09 11:47:10', 'admin', '2024-01-09 11:54:24');
INSERT INTO `sso_menu` VALUES ('eb5f513d5430597d3ea312e1bf760b23', '40bf4846599bf8dbd307f77bf51a7dad', '0001200002', 2, '租户信息', 'ant-design:info-circle-outlined', 2, 1, '/info/3', '/sys/account/setting/index.vue', NULL, 0, 1, NULL, 1, '', 'admin', '2023-06-25 20:21:51', 'admin', '2023-06-25 21:15:54');
INSERT INTO `sso_menu` VALUES ('eda0153e492e86ade2fe6702d267fef3', '292791abfbf63b35ad9ce510c0a5823e', '000110000400001', 3, '查询', '#', 1, 2, '', NULL, 'sys:mfApi:query', 0, 1, NULL, NULL, '', 'admin', '2023-08-02 10:39:11', '', NULL);
INSERT INTO `sso_menu` VALUES ('ee34f5aec6a2220f57fa151a147ede3c', '6e491486dc4cb475e4bd037d06ab2801', '0000300006', 2, '开发文档', 'ion:fish-outline', 0, 1, '/mfish', 'https://www.mfish.com.cn', NULL, 0, 1, NULL, 1, '', 'admin', '2023-04-30 11:33:21', '', NULL);
INSERT INTO `sso_menu` VALUES ('ee3ae3a2161e8d58e2c62f340c3d7b55', 'addeaf01bc278e216de75ad26a8f27b6', '000020000300004', 3, '删除', '#', 4, 2, '', NULL, 'sys:org:delete,sys:org:query', 0, 1, NULL, NULL, '', 'admin', '2022-11-30 17:29:49', 'admin', '2022-12-20 11:45:40');
INSERT INTO `sso_menu` VALUES ('f4a0ed4ca7a609aa8268399bdffcecfb', '0f5a85a6fd5bdc9df26b826eec3c17f1', '000020000400001', 3, '查询', '#', 1, 2, '', NULL, 'sys:role:query', 0, 1, NULL, NULL, '', 'admin', '2022-11-30 17:53:00', '', NULL);
INSERT INTO `sso_menu` VALUES ('f634ba1d6d840fb1f945b4f811dd928d', 'c9eb585420911ee18335d935d3872934', '000020000500002', 3, '新增', '#', 2, 2, '', NULL, 'sys:dict:insert,sys:dict:query', 0, 1, NULL, NULL, '', 'admin', '2023-03-10 10:01:26', '', NULL);
INSERT INTO `sso_menu` VALUES ('f87d8b297eb3650834048dba7c8d2d89', 'addeaf01bc278e216de75ad26a8f27b6', '000020000300002', 3, '新增', '#', 2, 2, '', NULL, 'sys:org:insert,sys:org:query', 0, 1, NULL, NULL, '', 'admin', '2022-11-30 17:27:41', 'admin', '2022-12-20 11:34:47');
INSERT INTO `sso_menu` VALUES ('fa2211276b7b84a141667ec9ea8d33a4', '6e491486dc4cb475e4bd037d06ab2801', '0000300005', 2, 'Gitee地址', 'simple-icons:gitee', 3, 1, '/gitee', 'https://gitee.com/qiufeng9862/mfish-nocode', NULL, 1, 1, NULL, 0, '', 'admin', '2023-03-09 10:36:36', '', NULL);
INSERT INTO `sso_menu` VALUES ('fb5dac5b0b9b610ed1e996108d6445b0', '0f5a85a6fd5bdc9df26b826eec3c17f1', '000020000400002', 3, '新增', '#', 2, 2, '', NULL, 'sys:role:insert,sys:role:query', 0, 1, NULL, NULL, '', 'admin', '2022-11-30 17:54:39', 'admin', '2022-12-20 11:46:05');

-- ----------------------------
-- Table structure for sso_org
-- ----------------------------
DROP TABLE IF EXISTS `sso_org`;
CREATE TABLE `sso_org`  (
  `id` varchar(36) CHARACTER SET utf8mb4 COLLATE utf8mb4_general_ci NOT NULL COMMENT '组织ID',
  `parent_id` varchar(36) CHARACTER SET utf8mb4 COLLATE utf8mb4_general_ci NULL DEFAULT '0' COMMENT '父组织ID',
  `tenant_id` varchar(36) CHARACTER SET utf8mb4 COLLATE utf8mb4_general_ci NULL DEFAULT NULL COMMENT '租户ID',
  `org_fix_code` varchar(100) CHARACTER SET utf8mb4 COLLATE utf8mb4_general_ci NULL DEFAULT NULL COMMENT '组织固定编码',
  `org_code` varchar(200) CHARACTER SET utf8mb4 COLLATE utf8mb4_general_ci NULL DEFAULT '' COMMENT '组织编码(自动生成父子关系编码)',
  `org_level` tinyint(4) NULL DEFAULT NULL COMMENT '组织级别',
  `org_name` varchar(30) CHARACTER SET utf8mb4 COLLATE utf8mb4_general_ci NULL DEFAULT '' COMMENT '组织名称',
  `org_sort` int(4) NULL DEFAULT 0 COMMENT '排序',
  `leader` varchar(20) CHARACTER SET utf8mb4 COLLATE utf8mb4_general_ci NULL DEFAULT NULL COMMENT '负责人',
  `phone` varchar(11) CHARACTER SET utf8mb4 COLLATE utf8mb4_general_ci NULL DEFAULT NULL COMMENT '联系电话',
  `email` varchar(50) CHARACTER SET utf8mb4 COLLATE utf8mb4_general_ci NULL DEFAULT NULL COMMENT '邮箱',
  `remark` varchar(500) CHARACTER SET utf8mb4 COLLATE utf8mb4_general_ci NULL DEFAULT NULL COMMENT '备注',
  `status` tinyint(1) NULL DEFAULT 0 COMMENT '状态（0正常 1停用）',
  `del_flag` tinyint(1) NULL DEFAULT 0 COMMENT '删除标志（0正常 1删除）',
  `create_by` varchar(50) CHARACTER SET utf8mb4 COLLATE utf8mb4_general_ci NULL DEFAULT NULL COMMENT '创建用户',
  `create_time` datetime NULL DEFAULT NULL COMMENT '创建时间',
  `update_by` varchar(50) CHARACTER SET utf8mb4 COLLATE utf8mb4_general_ci NULL DEFAULT NULL COMMENT '更新用户',
  `update_time` datetime NULL DEFAULT NULL COMMENT '更新时间',
  PRIMARY KEY (`id`) USING BTREE,
  INDEX `org_code_index`(`org_code`) USING BTREE
) ENGINE = InnoDB CHARACTER SET = utf8mb4 COLLATE = utf8mb4_general_ci COMMENT = '组织结构表' ROW_FORMAT = DYNAMIC;

-- ----------------------------
-- Records of sso_org
-- ----------------------------
INSERT INTO `sso_org` VALUES ('1', '', '1', 'admin', '00005', 1, '系统默认', 1, 'admin', '18900000001', 'mfish@qq.com', '租户组织', 0, 0, 'admin', '2023-06-20 23:30:00', 'admin', '2023-07-05 15:27:04');
INSERT INTO `sso_org` VALUES ('404542be62d21014451808aa67f1f5df', '', 'a480b6861ca4a44631af794a99e77265', 'mfish', '00006', 1, '南京XXX公司', 1, 'mfish', '18900000002', 'mfish2@qq.com', NULL, 0, 0, 'admin', '2023-06-28 11:17:08', 'admin', '2023-07-11 10:40:19');
INSERT INTO `sso_org` VALUES ('45ee8344ffb942d6f2ee1f868b584a99', '404542be62d21014451808aa67f1f5df', NULL, NULL, '0000600002', 2, 'XXX运维部', 2, 'aa', NULL, NULL, NULL, 0, 0, 'mfish', '2023-06-28 11:24:29', 'mfish', '2023-07-02 23:18:03');
INSERT INTO `sso_org` VALUES ('624edadc0562c7fe9b54f0e3ba5e658b', '8b7bbf1cac1af7faca6dd2686981fb22', NULL, '', '000050000100001', 3, '摸鱼开发部', 1, '', '', '', '', 0, 0, 'admin', '2023-06-28 11:47:54', 'mfish', '2023-07-03 15:48:22');
INSERT INTO `sso_org` VALUES ('76f3d1d15272858c2523f287aea955f9', '8b7bbf1cac1af7faca6dd2686981fb22', NULL, '', '000050000100002', 3, '摸鱼测试部', 2, '', '', '', '', 0, 0, 'admin', '2023-06-28 11:48:14', 'mfish', '2023-07-03 15:48:28');
INSERT INTO `sso_org` VALUES ('8b7bbf1cac1af7faca6dd2686981fb22', '1', NULL, 'mysyb', '0000500001', 2, '摸鱼事业部', 1, 'mfish', '18900000001', 'mfish@qq.com', '', 0, 0, 'admin', '2023-06-28 10:26:38', NULL, NULL);
INSERT INTO `sso_org` VALUES ('a2569f85d5cd316f5c7011e43dc86271', '404542be62d21014451808aa67f1f5df', NULL, NULL, '0000600001', 2, 'XXX开发部', 1, NULL, NULL, NULL, NULL, 0, 0, 'mfish', '2023-06-28 11:23:47', NULL, NULL);
INSERT INTO `sso_org` VALUES ('af30f104a622b5de76add210dd33b361', '8b7bbf1cac1af7faca6dd2686981fb22', NULL, '', '000050000100004', 3, '摸鱼运维部', 3, '', '', '', '', 0, 0, 'admin', '2023-06-28 11:48:25', 'mfish', '2023-07-03 15:48:34');

-- ----------------------------
-- Table structure for sso_org_role
-- ----------------------------
DROP TABLE IF EXISTS `sso_org_role`;
CREATE TABLE `sso_org_role`  (
  `role_id` varchar(36) CHARACTER SET utf8mb4 COLLATE utf8mb4_general_ci NOT NULL COMMENT '角色ID',
  `org_id` varchar(36) CHARACTER SET utf8mb4 COLLATE utf8mb4_general_ci NOT NULL COMMENT '组织ID',
  PRIMARY KEY (`role_id`, `org_id`) USING BTREE
) ENGINE = InnoDB CHARACTER SET = utf8mb4 COLLATE = utf8mb4_general_ci COMMENT = '角色组织关联表' ROW_FORMAT = DYNAMIC;

-- ----------------------------
-- Records of sso_org_role
-- ----------------------------
INSERT INTO `sso_org_role` VALUES ('210297727b74ecb505c1b4d97f76daee', '76f3d1d15272858c2523f287aea955f9');
INSERT INTO `sso_org_role` VALUES ('4063404b06e967bcf619bf86e7fe6359', '45ee8344ffb942d6f2ee1f868b584a99');
INSERT INTO `sso_org_role` VALUES ('4b423f7b1ac0ed0b46a8e5ec3389ac14', '404542be62d21014451808aa67f1f5df');
INSERT INTO `sso_org_role` VALUES ('67e95f5e81b8da9a8f70db7540b7409d', 'af30f104a622b5de76add210dd33b361');
INSERT INTO `sso_org_role` VALUES ('86ec59a2a3261fd6ba4098da034965ad', 'a2569f85d5cd316f5c7011e43dc86271');
INSERT INTO `sso_org_role` VALUES ('a787082d9b7c177439a114995e4caff1', '624edadc0562c7fe9b54f0e3ba5e658b');

-- ----------------------------
-- Table structure for sso_org_user
-- ----------------------------
DROP TABLE IF EXISTS `sso_org_user`;
CREATE TABLE `sso_org_user`  (
  `org_id` varchar(36) CHARACTER SET utf8mb4 COLLATE utf8mb4_general_ci NOT NULL COMMENT '组织ID',
  `user_id` varchar(36) CHARACTER SET utf8mb4 COLLATE utf8mb4_general_ci NOT NULL COMMENT '用户ID',
  PRIMARY KEY (`org_id`, `user_id`) USING BTREE
) ENGINE = InnoDB CHARACTER SET = utf8mb4 COLLATE = utf8mb4_general_ci COMMENT = '角色用户关联表' ROW_FORMAT = DYNAMIC;

-- ----------------------------
-- Records of sso_org_user
-- ----------------------------
INSERT INTO `sso_org_user` VALUES ('1', '1');
INSERT INTO `sso_org_user` VALUES ('404542be62d21014451808aa67f1f5df', 'c51fde3955594074bb4db31e654a4483');
INSERT INTO `sso_org_user` VALUES ('624edadc0562c7fe9b54f0e3ba5e658b', 'c51fde3955594074bb4db31e654a4483');
INSERT INTO `sso_org_user` VALUES ('a2569f85d5cd316f5c7011e43dc86271', 'bd54e030ae204be8b77e36cf48583f35');

-- ----------------------------
-- Table structure for sso_role
-- ----------------------------
DROP TABLE IF EXISTS `sso_role`;
CREATE TABLE `sso_role`  (
  `id` varchar(36) CHARACTER SET utf8mb4 COLLATE utf8mb4_general_ci NOT NULL COMMENT '角色ID',
  `tenant_id` varchar(36) CHARACTER SET utf8mb4 COLLATE utf8mb4_general_ci NULL DEFAULT NULL COMMENT '租户ID',
  `role_name` varchar(30) CHARACTER SET utf8mb4 COLLATE utf8mb4_general_ci NOT NULL COMMENT '角色名称',
  `role_code` varchar(100) CHARACTER SET utf8mb4 COLLATE utf8mb4_general_ci NOT NULL COMMENT '角色编码',
  `role_sort` int(4) NULL DEFAULT NULL COMMENT '显示顺序',
  `status` tinyint(1) NOT NULL DEFAULT 0 COMMENT '状态 0正常 1停用',
  `remark` varchar(500) CHARACTER SET utf8mb4 COLLATE utf8mb4_general_ci NULL DEFAULT NULL COMMENT '备注',
  `del_flag` tinyint(1) NULL DEFAULT 0 COMMENT '删除标志（0代表存在 1代表删除）',
  `create_by` varchar(50) CHARACTER SET utf8mb4 COLLATE utf8mb4_general_ci NULL DEFAULT '' COMMENT '创建者',
  `create_time` datetime NULL DEFAULT NULL COMMENT '创建时间',
  `update_by` varchar(50) CHARACTER SET utf8mb4 COLLATE utf8mb4_general_ci NULL DEFAULT '' COMMENT '更新者',
  `update_time` datetime NULL DEFAULT NULL COMMENT '更新时间',
  PRIMARY KEY (`id`) USING BTREE
) ENGINE = InnoDB CHARACTER SET = utf8mb4 COLLATE = utf8mb4_general_ci COMMENT = '角色表' ROW_FORMAT = DYNAMIC;

-- ----------------------------
-- Records of sso_role
-- ----------------------------
INSERT INTO `sso_role` VALUES ('1', '1', '超级管理员', 'superAdmin', 1, 0, '超级管理员', 0, 'admin', '2022-09-19 10:21:49', 'mfish', '2023-07-04 11:22:32');
INSERT INTO `sso_role` VALUES ('210297727b74ecb505c1b4d97f76daee', '1', '测试', 'test', 3, 0, '测试角色', 0, 'admin', '2022-11-29 18:37:32', 'mfish', '2023-07-05 11:13:10');
INSERT INTO `sso_role` VALUES ('351591b8df6f3eed5d1c613aac6c5bc8', 'a480b6861ca4a44631af794a99e77265', 'XXX管理员', 'xxxgly', 1, 0, NULL, 0, 'mfish', '2023-06-28 11:22:07', '', NULL);
INSERT INTO `sso_role` VALUES ('4063404b06e967bcf619bf86e7fe6359', 'a480b6861ca4a44631af794a99e77265', 'XXX运维', 'xxxyw', 2, 0, NULL, 0, 'mfish', '2023-06-28 11:22:46', 'mfish', '2023-07-05 11:43:00');
INSERT INTO `sso_role` VALUES ('4b423f7b1ac0ed0b46a8e5ec3389ac14', '1', '管理', 'manage', 2, 0, '管理', 0, 'admin', '2023-05-30 23:41:46', 'admin', '2023-09-01 16:12:23');
INSERT INTO `sso_role` VALUES ('67e95f5e81b8da9a8f70db7540b7409d', '1', '运维', 'operate', 4, 0, '运维角色', 0, 'admin', '2022-11-30 16:18:51', 'mfish', '2023-07-04 17:25:48');
INSERT INTO `sso_role` VALUES ('86ec59a2a3261fd6ba4098da034965ad', 'a480b6861ca4a44631af794a99e77265', 'XXX开发', 'xxxkf', 3, 0, NULL, 0, 'mfish', '2023-06-28 11:23:10', 'mfish', '2023-09-14 16:08:27');
INSERT INTO `sso_role` VALUES ('a787082d9b7c177439a114995e4caff1', '1', '开发', 'develop', 5, 0, '开发角色', 0, 'admin', '2023-06-28 11:54:49', 'mfish', '2023-07-31 15:16:31');
INSERT INTO `sso_role` VALUES ('e77a579aaf0844ba493cde1811b137a9', '1', '个人', 'person', NULL, 0, NULL, 0, 'admin', '2023-07-19 15:26:04', '', NULL);

-- ----------------------------
-- Table structure for sso_role_menu
-- ----------------------------
DROP TABLE IF EXISTS `sso_role_menu`;
CREATE TABLE `sso_role_menu`  (
  `role_id` varchar(36) CHARACTER SET utf8mb4 COLLATE utf8mb4_general_ci NOT NULL COMMENT '角色ID',
  `menu_id` varchar(36) CHARACTER SET utf8mb4 COLLATE utf8mb4_general_ci NOT NULL COMMENT '菜单ID',
  PRIMARY KEY (`role_id`, `menu_id`) USING BTREE
) ENGINE = InnoDB CHARACTER SET = utf8mb4 COLLATE = utf8mb4_general_ci COMMENT = '角色菜单关联表' ROW_FORMAT = DYNAMIC;

-- ----------------------------
-- Records of sso_role_menu
-- ----------------------------
INSERT INTO `sso_role_menu` VALUES ('210297727b74ecb505c1b4d97f76daee', '6d71e92a5a3712acbcfcc58f65b93f4f');
INSERT INTO `sso_role_menu` VALUES ('210297727b74ecb505c1b4d97f76daee', '75882dc140444e061741fbd9f026dd2b');
INSERT INTO `sso_role_menu` VALUES ('210297727b74ecb505c1b4d97f76daee', '76f149981f1c86fce81f2f4cdb9674b9');
INSERT INTO `sso_role_menu` VALUES ('210297727b74ecb505c1b4d97f76daee', '7e690410346c4d3a1610d85e8c9f906b');
INSERT INTO `sso_role_menu` VALUES ('210297727b74ecb505c1b4d97f76daee', 'f4a0ed4ca7a609aa8268399bdffcecfb');
INSERT INTO `sso_role_menu` VALUES ('351591b8df6f3eed5d1c613aac6c5bc8', '0f5a85a6fd5bdc9df26b826eec3c17f1');
INSERT INTO `sso_role_menu` VALUES ('351591b8df6f3eed5d1c613aac6c5bc8', '101cb161536a5a80731a4d6db0b5eeac');
INSERT INTO `sso_role_menu` VALUES ('351591b8df6f3eed5d1c613aac6c5bc8', '1a73215261f568088e9adeef2dbd8e44');
INSERT INTO `sso_role_menu` VALUES ('351591b8df6f3eed5d1c613aac6c5bc8', '25a5783ea03e26d7844b9b7370576236');
INSERT INTO `sso_role_menu` VALUES ('351591b8df6f3eed5d1c613aac6c5bc8', '2628fb3c4166d6469f06fcea9b9c0c55');
INSERT INTO `sso_role_menu` VALUES ('351591b8df6f3eed5d1c613aac6c5bc8', '2a4e024fdc76063da32926c63ca9ead2');
INSERT INTO `sso_role_menu` VALUES ('351591b8df6f3eed5d1c613aac6c5bc8', '369de1bef8d1e964414f25ec6d3156bc');
INSERT INTO `sso_role_menu` VALUES ('351591b8df6f3eed5d1c613aac6c5bc8', '3a74d165bcd286f102e10a1be8c23eef');
INSERT INTO `sso_role_menu` VALUES ('351591b8df6f3eed5d1c613aac6c5bc8', '3c4b2d0f7558d7f45a29fd9c6a7edea7');
INSERT INTO `sso_role_menu` VALUES ('351591b8df6f3eed5d1c613aac6c5bc8', '3d1efa154266719e6322808064df4b13');
INSERT INTO `sso_role_menu` VALUES ('351591b8df6f3eed5d1c613aac6c5bc8', '43ca0b3ba70c7ba5a2f91882f618208b');
INSERT INTO `sso_role_menu` VALUES ('351591b8df6f3eed5d1c613aac6c5bc8', '4ef7029abe93c11601678ba16dac406f');
INSERT INTO `sso_role_menu` VALUES ('351591b8df6f3eed5d1c613aac6c5bc8', '5271166ced06a95d787dc049d3f19bd2');
INSERT INTO `sso_role_menu` VALUES ('351591b8df6f3eed5d1c613aac6c5bc8', '58efbcc5f46b95aeab069076031959e7');
INSERT INTO `sso_role_menu` VALUES ('351591b8df6f3eed5d1c613aac6c5bc8', '5ad16d38964bf541b6417b07ddf33d9b');
INSERT INTO `sso_role_menu` VALUES ('351591b8df6f3eed5d1c613aac6c5bc8', '60efb66a88ab33b339718eb0d052a033');
INSERT INTO `sso_role_menu` VALUES ('351591b8df6f3eed5d1c613aac6c5bc8', '67dfbce31013ada62800425f72997962');
INSERT INTO `sso_role_menu` VALUES ('351591b8df6f3eed5d1c613aac6c5bc8', '6ac6bc8054107436e24356e3466f00db');
INSERT INTO `sso_role_menu` VALUES ('351591b8df6f3eed5d1c613aac6c5bc8', '6aee07bfe60f4ee4021bfce397a8f4df');
INSERT INTO `sso_role_menu` VALUES ('351591b8df6f3eed5d1c613aac6c5bc8', '6d71e92a5a3712acbcfcc58f65b93f4f');
INSERT INTO `sso_role_menu` VALUES ('351591b8df6f3eed5d1c613aac6c5bc8', '6fd5cdaf86772d4db0587f3b9281f99b');
INSERT INTO `sso_role_menu` VALUES ('351591b8df6f3eed5d1c613aac6c5bc8', '731738ed9bbd2e36456b790dfadcb84e');
INSERT INTO `sso_role_menu` VALUES ('351591b8df6f3eed5d1c613aac6c5bc8', '75882dc140444e061741fbd9f026dd2b');
INSERT INTO `sso_role_menu` VALUES ('351591b8df6f3eed5d1c613aac6c5bc8', '76f149981f1c86fce81f2f4cdb9674b9');
INSERT INTO `sso_role_menu` VALUES ('351591b8df6f3eed5d1c613aac6c5bc8', '79cbc9e257ee8f44db6b133c584ff86a');
INSERT INTO `sso_role_menu` VALUES ('351591b8df6f3eed5d1c613aac6c5bc8', '7e690410346c4d3a1610d85e8c9f906b');
INSERT INTO `sso_role_menu` VALUES ('351591b8df6f3eed5d1c613aac6c5bc8', '80526081fb00ce5dbe629ef358231909');
INSERT INTO `sso_role_menu` VALUES ('351591b8df6f3eed5d1c613aac6c5bc8', '81ecfe903cb3116f00c367678059c87c');
INSERT INTO `sso_role_menu` VALUES ('351591b8df6f3eed5d1c613aac6c5bc8', '93190e5d426f69cd2712aac373542698');
INSERT INTO `sso_role_menu` VALUES ('351591b8df6f3eed5d1c613aac6c5bc8', '967795af502129d318899a60716da84f');
INSERT INTO `sso_role_menu` VALUES ('351591b8df6f3eed5d1c613aac6c5bc8', '9840528e4a1efd3a510d8a087baf4bdb');
INSERT INTO `sso_role_menu` VALUES ('351591b8df6f3eed5d1c613aac6c5bc8', '9a293c164762776e0a876323a3363dec');
INSERT INTO `sso_role_menu` VALUES ('351591b8df6f3eed5d1c613aac6c5bc8', '9b9139c09668bb22888201b7e8a812c4');
INSERT INTO `sso_role_menu` VALUES ('351591b8df6f3eed5d1c613aac6c5bc8', '9f46c219e3fc35b1c2ef3a95438b16bf');
INSERT INTO `sso_role_menu` VALUES ('351591b8df6f3eed5d1c613aac6c5bc8', 'a27822a74728632e0e0ed10d8285bf54');
INSERT INTO `sso_role_menu` VALUES ('351591b8df6f3eed5d1c613aac6c5bc8', 'a2cdbac934bae3da9987df0655db2455');
INSERT INTO `sso_role_menu` VALUES ('351591b8df6f3eed5d1c613aac6c5bc8', 'a7145a05342033be0caa4a8f1e262f8a');
INSERT INTO `sso_role_menu` VALUES ('351591b8df6f3eed5d1c613aac6c5bc8', 'a988f38821885f8f8aaffa49d681aaac');
INSERT INTO `sso_role_menu` VALUES ('351591b8df6f3eed5d1c613aac6c5bc8', 'addeaf01bc278e216de75ad26a8f27b6');
INSERT INTO `sso_role_menu` VALUES ('351591b8df6f3eed5d1c613aac6c5bc8', 'b40f985b74d1dd6e311e21369beea8ea');
INSERT INTO `sso_role_menu` VALUES ('351591b8df6f3eed5d1c613aac6c5bc8', 'bf2e6661d9a4d115f018ffd4ff202d92');
INSERT INTO `sso_role_menu` VALUES ('351591b8df6f3eed5d1c613aac6c5bc8', 'c46042d6e6d16ea95df6461648833675');
INSERT INTO `sso_role_menu` VALUES ('351591b8df6f3eed5d1c613aac6c5bc8', 'c487023e85c9aaf5510a03e8017b768c');
INSERT INTO `sso_role_menu` VALUES ('351591b8df6f3eed5d1c613aac6c5bc8', 'c52a49da263d57d2c89edcbc9ca70a0a');
INSERT INTO `sso_role_menu` VALUES ('351591b8df6f3eed5d1c613aac6c5bc8', 'c9eb585420911ee18335d935d3872934');
INSERT INTO `sso_role_menu` VALUES ('351591b8df6f3eed5d1c613aac6c5bc8', 'ce1a05cdedf2d0684574a30dd3ed14f9');
INSERT INTO `sso_role_menu` VALUES ('351591b8df6f3eed5d1c613aac6c5bc8', 'ce71591e16d47d6b4ff1d52c2bb83ae7');
INSERT INTO `sso_role_menu` VALUES ('351591b8df6f3eed5d1c613aac6c5bc8', 'cfbdf3ce5297cebf806ac116fc239558');
INSERT INTO `sso_role_menu` VALUES ('351591b8df6f3eed5d1c613aac6c5bc8', 'cfc0ca0b3c9220fa3cae26420cf0c51f');
INSERT INTO `sso_role_menu` VALUES ('351591b8df6f3eed5d1c613aac6c5bc8', 'e48e7b98d2c0331ff6241514e97dad8b');
INSERT INTO `sso_role_menu` VALUES ('351591b8df6f3eed5d1c613aac6c5bc8', 'ee3ae3a2161e8d58e2c62f340c3d7b55');
INSERT INTO `sso_role_menu` VALUES ('351591b8df6f3eed5d1c613aac6c5bc8', 'f4a0ed4ca7a609aa8268399bdffcecfb');
INSERT INTO `sso_role_menu` VALUES ('351591b8df6f3eed5d1c613aac6c5bc8', 'f634ba1d6d840fb1f945b4f811dd928d');
INSERT INTO `sso_role_menu` VALUES ('351591b8df6f3eed5d1c613aac6c5bc8', 'f87d8b297eb3650834048dba7c8d2d89');
INSERT INTO `sso_role_menu` VALUES ('351591b8df6f3eed5d1c613aac6c5bc8', 'fb5dac5b0b9b610ed1e996108d6445b0');
INSERT INTO `sso_role_menu` VALUES ('4063404b06e967bcf619bf86e7fe6359', '0aa9f017545ec947a075f76e34c075c0');
INSERT INTO `sso_role_menu` VALUES ('4063404b06e967bcf619bf86e7fe6359', '6d71e92a5a3712acbcfcc58f65b93f4f');
INSERT INTO `sso_role_menu` VALUES ('4063404b06e967bcf619bf86e7fe6359', '7e690410346c4d3a1610d85e8c9f906b');
INSERT INTO `sso_role_menu` VALUES ('4063404b06e967bcf619bf86e7fe6359', 'e159379c94b8fcc58ebc38cf8b322772');
INSERT INTO `sso_role_menu` VALUES ('4b423f7b1ac0ed0b46a8e5ec3389ac14', '01ee419d3dcc28acf1920428391720b7');
INSERT INTO `sso_role_menu` VALUES ('4b423f7b1ac0ed0b46a8e5ec3389ac14', '0526179a70fca38a69dd709dec2f1a81');
INSERT INTO `sso_role_menu` VALUES ('4b423f7b1ac0ed0b46a8e5ec3389ac14', '08a567f09c8d90660c23f2b432e0e1d9');
INSERT INTO `sso_role_menu` VALUES ('4b423f7b1ac0ed0b46a8e5ec3389ac14', '0aa9f017545ec947a075f76e34c075c0');
INSERT INTO `sso_role_menu` VALUES ('4b423f7b1ac0ed0b46a8e5ec3389ac14', '101cb161536a5a80731a4d6db0b5eeac');
INSERT INTO `sso_role_menu` VALUES ('4b423f7b1ac0ed0b46a8e5ec3389ac14', '1a0aee8380c525e7c4802b1c4d587fa8');
INSERT INTO `sso_role_menu` VALUES ('4b423f7b1ac0ed0b46a8e5ec3389ac14', '1ce2ac44228e37c063e9cd55ed8f0a49');
INSERT INTO `sso_role_menu` VALUES ('4b423f7b1ac0ed0b46a8e5ec3389ac14', '1e1b7d50ab93ffdeca33fe5b7006eb01');
INSERT INTO `sso_role_menu` VALUES ('4b423f7b1ac0ed0b46a8e5ec3389ac14', '234dc900ad6502579a51784f9ddb05d5');
INSERT INTO `sso_role_menu` VALUES ('4b423f7b1ac0ed0b46a8e5ec3389ac14', '238132a09b6f761374dfd205b6388245');
INSERT INTO `sso_role_menu` VALUES ('4b423f7b1ac0ed0b46a8e5ec3389ac14', '25a5783ea03e26d7844b9b7370576236');
INSERT INTO `sso_role_menu` VALUES ('4b423f7b1ac0ed0b46a8e5ec3389ac14', '2628fb3c4166d6469f06fcea9b9c0c55');
INSERT INTO `sso_role_menu` VALUES ('4b423f7b1ac0ed0b46a8e5ec3389ac14', '268d140daddc00dc77823c7d7c2025fb');
INSERT INTO `sso_role_menu` VALUES ('4b423f7b1ac0ed0b46a8e5ec3389ac14', '285bb37f32e878e24d5a22445c1bc5af');
INSERT INTO `sso_role_menu` VALUES ('4b423f7b1ac0ed0b46a8e5ec3389ac14', '292791abfbf63b35ad9ce510c0a5823e');
INSERT INTO `sso_role_menu` VALUES ('4b423f7b1ac0ed0b46a8e5ec3389ac14', '369de1bef8d1e964414f25ec6d3156bc');
INSERT INTO `sso_role_menu` VALUES ('4b423f7b1ac0ed0b46a8e5ec3389ac14', '3a74d165bcd286f102e10a1be8c23eef');
INSERT INTO `sso_role_menu` VALUES ('4b423f7b1ac0ed0b46a8e5ec3389ac14', '3a92fd411f0a70bf477e6dc354f4e29e');
INSERT INTO `sso_role_menu` VALUES ('4b423f7b1ac0ed0b46a8e5ec3389ac14', '3c4b2d0f7558d7f45a29fd9c6a7edea7');
INSERT INTO `sso_role_menu` VALUES ('4b423f7b1ac0ed0b46a8e5ec3389ac14', '40bf4846599bf8dbd307f77bf51a7dad');
INSERT INTO `sso_role_menu` VALUES ('4b423f7b1ac0ed0b46a8e5ec3389ac14', '442f89857faa6bc929ef4f422b8c4b99');
INSERT INTO `sso_role_menu` VALUES ('4b423f7b1ac0ed0b46a8e5ec3389ac14', '4527c6c05549e3594f135ac056faaece');
INSERT INTO `sso_role_menu` VALUES ('4b423f7b1ac0ed0b46a8e5ec3389ac14', '4bfec85ae3174915cd2a3e8ddd822220');
INSERT INTO `sso_role_menu` VALUES ('4b423f7b1ac0ed0b46a8e5ec3389ac14', '4cabb05e97ea7a738a2f7ce3c9d224d8');
INSERT INTO `sso_role_menu` VALUES ('4b423f7b1ac0ed0b46a8e5ec3389ac14', '503e3ac379a2e17e99105b77a727e6db');
INSERT INTO `sso_role_menu` VALUES ('4b423f7b1ac0ed0b46a8e5ec3389ac14', '520873645d565776988d81481d8b0d26');
INSERT INTO `sso_role_menu` VALUES ('4b423f7b1ac0ed0b46a8e5ec3389ac14', '5271166ced06a95d787dc049d3f19bd2');
INSERT INTO `sso_role_menu` VALUES ('4b423f7b1ac0ed0b46a8e5ec3389ac14', '5ad16d38964bf541b6417b07ddf33d9b');
INSERT INTO `sso_role_menu` VALUES ('4b423f7b1ac0ed0b46a8e5ec3389ac14', '5b543a83371c766788047a1a1907cffd');
INSERT INTO `sso_role_menu` VALUES ('4b423f7b1ac0ed0b46a8e5ec3389ac14', '5c723efc132b50c0284d79eaafed5a0f');
INSERT INTO `sso_role_menu` VALUES ('4b423f7b1ac0ed0b46a8e5ec3389ac14', '60efb66a88ab33b339718eb0d052a033');
INSERT INTO `sso_role_menu` VALUES ('4b423f7b1ac0ed0b46a8e5ec3389ac14', '67dfbce31013ada62800425f72997962');
INSERT INTO `sso_role_menu` VALUES ('4b423f7b1ac0ed0b46a8e5ec3389ac14', '6a38a3847b66cc690c3a2eacedb4e81f');
INSERT INTO `sso_role_menu` VALUES ('4b423f7b1ac0ed0b46a8e5ec3389ac14', '6ac6bc8054107436e24356e3466f00db');
INSERT INTO `sso_role_menu` VALUES ('4b423f7b1ac0ed0b46a8e5ec3389ac14', '6cedf51376c8998eb49e280cdba6c533');
INSERT INTO `sso_role_menu` VALUES ('4b423f7b1ac0ed0b46a8e5ec3389ac14', '6d71e92a5a3712acbcfcc58f65b93f4f');
INSERT INTO `sso_role_menu` VALUES ('4b423f7b1ac0ed0b46a8e5ec3389ac14', '6e02e0e621140968dc62a2ce3dfa198d');
INSERT INTO `sso_role_menu` VALUES ('4b423f7b1ac0ed0b46a8e5ec3389ac14', '6e491486dc4cb475e4bd037d06ab2801');
INSERT INTO `sso_role_menu` VALUES ('4b423f7b1ac0ed0b46a8e5ec3389ac14', '731738ed9bbd2e36456b790dfadcb84e');
INSERT INTO `sso_role_menu` VALUES ('4b423f7b1ac0ed0b46a8e5ec3389ac14', '74ce27a1e94091da2efa714e32680e7a');
INSERT INTO `sso_role_menu` VALUES ('4b423f7b1ac0ed0b46a8e5ec3389ac14', '75882dc140444e061741fbd9f026dd2b');
INSERT INTO `sso_role_menu` VALUES ('4b423f7b1ac0ed0b46a8e5ec3389ac14', '76f149981f1c86fce81f2f4cdb9674b9');
INSERT INTO `sso_role_menu` VALUES ('4b423f7b1ac0ed0b46a8e5ec3389ac14', '76f68d05f5054818762718ee85d6d0fe');
INSERT INTO `sso_role_menu` VALUES ('4b423f7b1ac0ed0b46a8e5ec3389ac14', '79cbc9e257ee8f44db6b133c584ff86a');
INSERT INTO `sso_role_menu` VALUES ('4b423f7b1ac0ed0b46a8e5ec3389ac14', '7e690410346c4d3a1610d85e8c9f906b');
INSERT INTO `sso_role_menu` VALUES ('4b423f7b1ac0ed0b46a8e5ec3389ac14', '7e87849f80699ad24292fd9908f5aeb8');
INSERT INTO `sso_role_menu` VALUES ('4b423f7b1ac0ed0b46a8e5ec3389ac14', '80526081fb00ce5dbe629ef358231909');
INSERT INTO `sso_role_menu` VALUES ('4b423f7b1ac0ed0b46a8e5ec3389ac14', '81ecfe903cb3116f00c367678059c87c');
INSERT INTO `sso_role_menu` VALUES ('4b423f7b1ac0ed0b46a8e5ec3389ac14', '8360ab9544a00dc7d9f15594dd69e2ff');
INSERT INTO `sso_role_menu` VALUES ('4b423f7b1ac0ed0b46a8e5ec3389ac14', '85cd52250e435c555622c268262f4c02');
INSERT INTO `sso_role_menu` VALUES ('4b423f7b1ac0ed0b46a8e5ec3389ac14', '8ad60664c7060f811559bde09a79dae5');
INSERT INTO `sso_role_menu` VALUES ('4b423f7b1ac0ed0b46a8e5ec3389ac14', '93190e5d426f69cd2712aac373542698');
INSERT INTO `sso_role_menu` VALUES ('4b423f7b1ac0ed0b46a8e5ec3389ac14', '967795af502129d318899a60716da84f');
INSERT INTO `sso_role_menu` VALUES ('4b423f7b1ac0ed0b46a8e5ec3389ac14', '9a293c164762776e0a876323a3363dec');
INSERT INTO `sso_role_menu` VALUES ('4b423f7b1ac0ed0b46a8e5ec3389ac14', '9c6f4eff70d7b2048f63adf229c5d30d');
INSERT INTO `sso_role_menu` VALUES ('4b423f7b1ac0ed0b46a8e5ec3389ac14', '9d5397b6ddb4d194a95b05f42b80445b');
INSERT INTO `sso_role_menu` VALUES ('4b423f7b1ac0ed0b46a8e5ec3389ac14', '9f46c219e3fc35b1c2ef3a95438b16bf');
INSERT INTO `sso_role_menu` VALUES ('4b423f7b1ac0ed0b46a8e5ec3389ac14', 'a43c057f48b54c9038719179cf9e284d');
INSERT INTO `sso_role_menu` VALUES ('4b423f7b1ac0ed0b46a8e5ec3389ac14', 'a606083b203d32915c4d0e649c7b7c6b');
INSERT INTO `sso_role_menu` VALUES ('4b423f7b1ac0ed0b46a8e5ec3389ac14', 'a7145a05342033be0caa4a8f1e262f8a');
INSERT INTO `sso_role_menu` VALUES ('4b423f7b1ac0ed0b46a8e5ec3389ac14', 'ad2ab62e13c7750dcb5b41b00cbdcf66');
INSERT INTO `sso_role_menu` VALUES ('4b423f7b1ac0ed0b46a8e5ec3389ac14', 'afbf598d2290b24a5e87e7547c05515d');
INSERT INTO `sso_role_menu` VALUES ('4b423f7b1ac0ed0b46a8e5ec3389ac14', 'bcd18784374699438a215a9ab1e9b351');
INSERT INTO `sso_role_menu` VALUES ('4b423f7b1ac0ed0b46a8e5ec3389ac14', 'bea31d33d125895a9eaa827863341a91');
INSERT INTO `sso_role_menu` VALUES ('4b423f7b1ac0ed0b46a8e5ec3389ac14', 'bf2e6661d9a4d115f018ffd4ff202d92');
INSERT INTO `sso_role_menu` VALUES ('4b423f7b1ac0ed0b46a8e5ec3389ac14', 'c36420436629884000e73b158166f260');
INSERT INTO `sso_role_menu` VALUES ('4b423f7b1ac0ed0b46a8e5ec3389ac14', 'c52a49da263d57d2c89edcbc9ca70a0a');
INSERT INTO `sso_role_menu` VALUES ('4b423f7b1ac0ed0b46a8e5ec3389ac14', 'ca0a3c9ae9cd551ee4e1b727861b7c78');
INSERT INTO `sso_role_menu` VALUES ('4b423f7b1ac0ed0b46a8e5ec3389ac14', 'ce1a05cdedf2d0684574a30dd3ed14f9');
INSERT INTO `sso_role_menu` VALUES ('4b423f7b1ac0ed0b46a8e5ec3389ac14', 'cfbdf3ce5297cebf806ac116fc239558');
INSERT INTO `sso_role_menu` VALUES ('4b423f7b1ac0ed0b46a8e5ec3389ac14', 'd9832cd3aefbb5f99267edb995ff8c75');
INSERT INTO `sso_role_menu` VALUES ('4b423f7b1ac0ed0b46a8e5ec3389ac14', 'e159379c94b8fcc58ebc38cf8b322772');
INSERT INTO `sso_role_menu` VALUES ('4b423f7b1ac0ed0b46a8e5ec3389ac14', 'e1996e92ac6cf37c0c2e40825a7af472');
INSERT INTO `sso_role_menu` VALUES ('4b423f7b1ac0ed0b46a8e5ec3389ac14', 'eb5f513d5430597d3ea312e1bf760b23');
INSERT INTO `sso_role_menu` VALUES ('4b423f7b1ac0ed0b46a8e5ec3389ac14', 'eda0153e492e86ade2fe6702d267fef3');
INSERT INTO `sso_role_menu` VALUES ('4b423f7b1ac0ed0b46a8e5ec3389ac14', 'ee34f5aec6a2220f57fa151a147ede3c');
INSERT INTO `sso_role_menu` VALUES ('4b423f7b1ac0ed0b46a8e5ec3389ac14', 'f4a0ed4ca7a609aa8268399bdffcecfb');
INSERT INTO `sso_role_menu` VALUES ('4b423f7b1ac0ed0b46a8e5ec3389ac14', 'f634ba1d6d840fb1f945b4f811dd928d');
INSERT INTO `sso_role_menu` VALUES ('4b423f7b1ac0ed0b46a8e5ec3389ac14', 'f87d8b297eb3650834048dba7c8d2d89');
INSERT INTO `sso_role_menu` VALUES ('4b423f7b1ac0ed0b46a8e5ec3389ac14', 'fa2211276b7b84a141667ec9ea8d33a4');
INSERT INTO `sso_role_menu` VALUES ('4b423f7b1ac0ed0b46a8e5ec3389ac14', 'fb5dac5b0b9b610ed1e996108d6445b0');
INSERT INTO `sso_role_menu` VALUES ('67e95f5e81b8da9a8f70db7540b7409d', '0aa9f017545ec947a075f76e34c075c0');
INSERT INTO `sso_role_menu` VALUES ('67e95f5e81b8da9a8f70db7540b7409d', 'e159379c94b8fcc58ebc38cf8b322772');
INSERT INTO `sso_role_menu` VALUES ('86ec59a2a3261fd6ba4098da034965ad', '01ee419d3dcc28acf1920428391720b7');
INSERT INTO `sso_role_menu` VALUES ('86ec59a2a3261fd6ba4098da034965ad', '285bb37f32e878e24d5a22445c1bc5af');
INSERT INTO `sso_role_menu` VALUES ('86ec59a2a3261fd6ba4098da034965ad', '292791abfbf63b35ad9ce510c0a5823e');
INSERT INTO `sso_role_menu` VALUES ('86ec59a2a3261fd6ba4098da034965ad', '369de1bef8d1e964414f25ec6d3156bc');
INSERT INTO `sso_role_menu` VALUES ('86ec59a2a3261fd6ba4098da034965ad', '5ad16d38964bf541b6417b07ddf33d9b');
INSERT INTO `sso_role_menu` VALUES ('86ec59a2a3261fd6ba4098da034965ad', '6aee07bfe60f4ee4021bfce397a8f4df');
INSERT INTO `sso_role_menu` VALUES ('86ec59a2a3261fd6ba4098da034965ad', '6cedf51376c8998eb49e280cdba6c533');
INSERT INTO `sso_role_menu` VALUES ('86ec59a2a3261fd6ba4098da034965ad', '6d71e92a5a3712acbcfcc58f65b93f4f');
INSERT INTO `sso_role_menu` VALUES ('86ec59a2a3261fd6ba4098da034965ad', '70943d8248fd8f77ade038d9afa0bf33');
INSERT INTO `sso_role_menu` VALUES ('86ec59a2a3261fd6ba4098da034965ad', '7e690410346c4d3a1610d85e8c9f906b');
INSERT INTO `sso_role_menu` VALUES ('86ec59a2a3261fd6ba4098da034965ad', '81ecfe903cb3116f00c367678059c87c');
INSERT INTO `sso_role_menu` VALUES ('86ec59a2a3261fd6ba4098da034965ad', '8360ab9544a00dc7d9f15594dd69e2ff');
INSERT INTO `sso_role_menu` VALUES ('86ec59a2a3261fd6ba4098da034965ad', '85cd52250e435c555622c268262f4c02');
INSERT INTO `sso_role_menu` VALUES ('86ec59a2a3261fd6ba4098da034965ad', 'a606083b203d32915c4d0e649c7b7c6b');
INSERT INTO `sso_role_menu` VALUES ('86ec59a2a3261fd6ba4098da034965ad', 'afbf598d2290b24a5e87e7547c05515d');
INSERT INTO `sso_role_menu` VALUES ('86ec59a2a3261fd6ba4098da034965ad', 'eda0153e492e86ade2fe6702d267fef3');
INSERT INTO `sso_role_menu` VALUES ('a787082d9b7c177439a114995e4caff1', '0526179a70fca38a69dd709dec2f1a81');
INSERT INTO `sso_role_menu` VALUES ('a787082d9b7c177439a114995e4caff1', '1a0aee8380c525e7c4802b1c4d587fa8');
INSERT INTO `sso_role_menu` VALUES ('a787082d9b7c177439a114995e4caff1', '1ce2ac44228e37c063e9cd55ed8f0a49');
INSERT INTO `sso_role_menu` VALUES ('a787082d9b7c177439a114995e4caff1', '292791abfbf63b35ad9ce510c0a5823e');
INSERT INTO `sso_role_menu` VALUES ('a787082d9b7c177439a114995e4caff1', '5c723efc132b50c0284d79eaafed5a0f');
INSERT INTO `sso_role_menu` VALUES ('a787082d9b7c177439a114995e4caff1', '6cedf51376c8998eb49e280cdba6c533');
INSERT INTO `sso_role_menu` VALUES ('a787082d9b7c177439a114995e4caff1', '6d71e92a5a3712acbcfcc58f65b93f4f');
INSERT INTO `sso_role_menu` VALUES ('a787082d9b7c177439a114995e4caff1', '6e491486dc4cb475e4bd037d06ab2801');
INSERT INTO `sso_role_menu` VALUES ('a787082d9b7c177439a114995e4caff1', '70943d8248fd8f77ade038d9afa0bf33');
INSERT INTO `sso_role_menu` VALUES ('a787082d9b7c177439a114995e4caff1', '7e690410346c4d3a1610d85e8c9f906b');
INSERT INTO `sso_role_menu` VALUES ('a787082d9b7c177439a114995e4caff1', '8360ab9544a00dc7d9f15594dd69e2ff');
INSERT INTO `sso_role_menu` VALUES ('a787082d9b7c177439a114995e4caff1', '85cd52250e435c555622c268262f4c02');
INSERT INTO `sso_role_menu` VALUES ('a787082d9b7c177439a114995e4caff1', 'a606083b203d32915c4d0e649c7b7c6b');
INSERT INTO `sso_role_menu` VALUES ('a787082d9b7c177439a114995e4caff1', 'ee34f5aec6a2220f57fa151a147ede3c');
INSERT INTO `sso_role_menu` VALUES ('a787082d9b7c177439a114995e4caff1', 'fa2211276b7b84a141667ec9ea8d33a4');
INSERT INTO `sso_role_menu` VALUES ('e77a579aaf0844ba493cde1811b137a9', '6d71e92a5a3712acbcfcc58f65b93f4f');
INSERT INTO `sso_role_menu` VALUES ('e77a579aaf0844ba493cde1811b137a9', '7e690410346c4d3a1610d85e8c9f906b');
INSERT INTO `sso_role_menu` VALUES ('e77a579aaf0844ba493cde1811b137a9', 'eb5f513d5430597d3ea312e1bf760b23');

-- ----------------------------
-- Table structure for sso_tenant
-- ----------------------------
DROP TABLE IF EXISTS `sso_tenant`;
CREATE TABLE `sso_tenant`  (
  `id` varchar(36) CHARACTER SET utf8mb4 COLLATE utf8mb4_general_ci NOT NULL COMMENT '唯一ID',
  `tenant_type` tinyint(4) NULL DEFAULT NULL COMMENT '租户类型 0 个人 1 企业',
  `name` varchar(100) CHARACTER SET utf8mb4 COLLATE utf8mb4_general_ci NULL DEFAULT NULL COMMENT '租户名称',
  `city` varchar(50) CHARACTER SET utf8mb4 COLLATE utf8mb4_general_ci NULL DEFAULT NULL COMMENT '城市',
  `province` varchar(50) CHARACTER SET utf8mb4 COLLATE utf8mb4_general_ci NULL DEFAULT NULL COMMENT '省份',
  `county` varchar(50) CHARACTER SET utf8mb4 COLLATE utf8mb4_general_ci NULL DEFAULT NULL COMMENT '区县',
  `address` varchar(100) CHARACTER SET utf8mb4 COLLATE utf8mb4_general_ci NULL DEFAULT NULL COMMENT '地址',
  `corp_size` varchar(100) CHARACTER SET utf8mb4 COLLATE utf8mb4_general_ci NULL DEFAULT NULL COMMENT '公司规模',
  `corp_years` varchar(100) CHARACTER SET utf8mb4 COLLATE utf8mb4_general_ci NULL DEFAULT NULL COMMENT '营业年限',
  `trade` varchar(100) CHARACTER SET utf8mb4 COLLATE utf8mb4_general_ci NULL DEFAULT NULL COMMENT '所属行业',
  `status` tinyint(1) NULL DEFAULT NULL COMMENT '状态 0正常 1注销',
  `logo` varchar(200) CHARACTER SET utf8mb4 COLLATE utf8mb4_general_ci NULL DEFAULT NULL COMMENT 'logo',
  `domain` varchar(50) CHARACTER SET utf8mb4 COLLATE utf8mb4_general_ci NULL DEFAULT NULL COMMENT '域名',
  `del_flag` tinyint(1) NULL DEFAULT 0 COMMENT '删除状态(0-正常,1-已删除)',
  `user_id` varchar(36) CHARACTER SET utf8mb4 COLLATE utf8mb4_general_ci NULL DEFAULT NULL COMMENT '用户ID，关联用户为管理员',
  `create_by` varchar(50) CHARACTER SET utf8mb4 COLLATE utf8mb4_general_ci NULL DEFAULT NULL COMMENT '创建用户',
  `create_time` datetime NULL DEFAULT NULL COMMENT '创建时间',
  `update_by` varchar(50) CHARACTER SET utf8mb4 COLLATE utf8mb4_general_ci NULL DEFAULT NULL COMMENT '更新用户',
  `update_time` datetime NULL DEFAULT NULL COMMENT '更新时间',
  PRIMARY KEY (`id`) USING BTREE
) ENGINE = InnoDB CHARACTER SET = utf8mb4 COLLATE = utf8mb4_general_ci COMMENT = '租户信息表' ROW_FORMAT = DYNAMIC;

-- ----------------------------
-- Records of sso_tenant
-- ----------------------------
INSERT INTO `sso_tenant` VALUES ('1', 1, '系统默认', NULL, NULL, NULL, '南京市秦淮区', 'l', '10', '科技推广和应用服务业', 0, 'bcfe86a96a6543ccac0b1700ad3aa5ca.png', 'http://www.mfish.com.cn', 0, '1', 'admin', '2023-06-20 23:30:00', 'admin', '2023-07-05 15:27:04');
INSERT INTO `sso_tenant` VALUES ('a480b6861ca4a44631af794a99e77265', 1, '南京XXX公司', NULL, NULL, NULL, '江苏南京XXX区XX号', 'xs', '3', '软件和信息技术服务业', 0, '5131c2efe1c94c3489815ff7d1ad0bed.png', 'http://mfish.com.cn', 0, 'c51fde3955594074bb4db31e654a4483', 'admin', '2023-06-28 11:17:09', 'admin', '2023-07-05 16:12:20');

-- ----------------------------
-- Table structure for sso_user
-- ----------------------------
DROP TABLE IF EXISTS `sso_user`;
CREATE TABLE `sso_user`  (
  `id` varchar(36) CHARACTER SET utf8mb4 COLLATE utf8mb4_general_ci NOT NULL COMMENT '唯一ID',
  `account` varchar(50) CHARACTER SET utf8mb4 COLLATE utf8mb4_general_ci NOT NULL COMMENT '账号',
  `phone` varchar(20) CHARACTER SET utf8mb4 COLLATE utf8mb4_general_ci NULL DEFAULT NULL COMMENT '手机号',
  `email` varchar(50) CHARACTER SET utf8mb4 COLLATE utf8mb4_general_ci NULL DEFAULT NULL COMMENT '邮箱',
  `password` varchar(200) CHARACTER SET utf8mb4 COLLATE utf8mb4_general_ci NULL DEFAULT NULL COMMENT '密码',
  `old_password` varchar(200) CHARACTER SET utf8mb4 COLLATE utf8mb4_general_ci NULL DEFAULT NULL COMMENT '旧密码',
  `nickname` varchar(255) CHARACTER SET utf8mb4 COLLATE utf8mb4_general_ci NULL DEFAULT NULL COMMENT '昵称',
  `head_img_url` varchar(255) CHARACTER SET utf8mb4 COLLATE utf8mb4_general_ci NULL DEFAULT NULL COMMENT '图片',
  `telephone` varchar(30) CHARACTER SET utf8mb4 COLLATE utf8mb4_general_ci NULL DEFAULT NULL COMMENT '电话',
  `birthday` date NULL DEFAULT NULL COMMENT '生日',
  `sex` tinyint(1) NULL DEFAULT 1 COMMENT '性别(1男0女)',
  `status` tinyint(1) NOT NULL DEFAULT 0 COMMENT '状态 0正常 1停用',
  `del_flag` tinyint(1) NULL DEFAULT 0 COMMENT '删除标记(0未删除1删除)',
  `salt` varchar(255) CHARACTER SET utf8mb4 COLLATE utf8mb4_general_ci NULL DEFAULT NULL COMMENT '盐',
  `openid` varchar(50) CHARACTER SET utf8mb4 COLLATE utf8mb4_general_ci NULL DEFAULT NULL COMMENT '微信唯一id',
  `remark` varchar(1000) CHARACTER SET utf8mb4 COLLATE utf8mb4_general_ci NULL DEFAULT NULL COMMENT '备注',
  `create_by` varchar(50) CHARACTER SET utf8mb4 COLLATE utf8mb4_general_ci NULL DEFAULT '' COMMENT '创建用户',
  `create_time` datetime NULL DEFAULT NULL COMMENT '创建时间',
  `update_by` varchar(50) CHARACTER SET utf8mb4 COLLATE utf8mb4_general_ci NULL DEFAULT '' COMMENT '更新用户',
  `update_time` datetime NULL DEFAULT NULL COMMENT '更新时间',
  PRIMARY KEY (`id`) USING BTREE,
  UNIQUE INDEX `account_index`(`account`) USING BTREE,
  UNIQUE INDEX `openid_index`(`openid`) USING BTREE,
  UNIQUE INDEX `phone_index`(`phone`) USING BTREE
) ENGINE = InnoDB CHARACTER SET = utf8mb4 COLLATE = utf8mb4_general_ci COMMENT = '用户表' ROW_FORMAT = DYNAMIC;

-- ----------------------------
-- Records of sso_user
-- ----------------------------
INSERT INTO `sso_user` VALUES ('1', 'admin', '18900000001', 'mfish@qq.com', '66d4ae108116cb9044c8b9ccae4a0b6c', '22d374999f108f1573aad145657ed698', '管理员', '77f39fdc429142bf9b2b1fff631098ef.png', '02512345678', '1984-08-08', 1, 0, 0, '452187570f682f2ddb35a216fd32460d', 'olbL54qA8qAccFNtModx6dM-Ha6w', '超级管理员', '', '2017-04-10 15:21:38', 'admin', '2023-06-28 13:05:17');
INSERT INTO `sso_user` VALUES ('bd54e030ae204be8b77e36cf48583f35', 'xzh', '18911111111', 'liudehua@qq.com', 'b16e23b22364b73715fe678b8493a250', NULL, '新租户', '08170556fd804908812a2768380896e3.png', NULL, NULL, 1, 0, 0, '57c61f5a32e75728843b7f6d0cf38cb1', NULL, NULL, 'mfish', '2023-07-04 10:06:06', 'admin', '2023-07-19 15:26:17');
INSERT INTO `sso_user` VALUES ('c51fde3955594074bb4db31e654a4483', 'mfish', '18900000002', 'mfish2@qq.com', '997ba196adf807d32b030d2ee8e242f9', NULL, '摸鱼', NULL, '', '2023-06-28', 1, 0, 0, '2833ba3ab03c7fb357cf5d71676146e8', NULL, '', 'admin', '2023-06-28 11:14:45', 'mfish', '2023-07-25 11:35:25');

-- ----------------------------
-- Table structure for sso_user_role
-- ----------------------------
DROP TABLE IF EXISTS `sso_user_role`;
CREATE TABLE `sso_user_role`  (
  `user_id` varchar(36) CHARACTER SET utf8mb4 COLLATE utf8mb4_general_ci NOT NULL COMMENT '用户ID',
  `role_id` varchar(36) CHARACTER SET utf8mb4 COLLATE utf8mb4_general_ci NOT NULL COMMENT '角色ID',
  PRIMARY KEY (`user_id`, `role_id`) USING BTREE
) ENGINE = InnoDB CHARACTER SET = utf8mb4 COLLATE = utf8mb4_general_ci COMMENT = '用户角色关联表' ROW_FORMAT = DYNAMIC;

-- ----------------------------
-- Records of sso_user_role
-- ----------------------------
INSERT INTO `sso_user_role` VALUES ('1', '1');
INSERT INTO `sso_user_role` VALUES ('bd54e030ae204be8b77e36cf48583f35', 'e77a579aaf0844ba493cde1811b137a9');

-- ----------------------------
-- Table structure for sys_code_build
-- ----------------------------
DROP TABLE IF EXISTS `sys_code_build`;
CREATE TABLE `sys_code_build`  (
  `id` bigint(19) NOT NULL AUTO_INCREMENT COMMENT '唯一ID',
  `connect_id` varchar(36) CHARACTER SET utf8mb4 COLLATE utf8mb4_general_ci NULL DEFAULT NULL COMMENT '数据库连接ID',
  `table_name` varchar(100) CHARACTER SET utf8mb4 COLLATE utf8mb4_general_ci NOT NULL COMMENT '表名',
  `api_prefix` varchar(100) CHARACTER SET utf8mb4 COLLATE utf8mb4_general_ci NULL DEFAULT NULL COMMENT '接口路径前缀 例如:/oauth2/user接口前缀为oauth2(不传会使用packageName，最底层包名 例如:cn.com.mfish.sys包会使用sys)',
  `entity_name` varchar(100) CHARACTER SET utf8mb4 COLLATE utf8mb4_general_ci NULL DEFAULT NULL COMMENT '实体类名(不传会使用表名驼峰化)',
  `package_name` varchar(100) CHARACTER SET utf8mb4 COLLATE utf8mb4_general_ci NULL DEFAULT NULL COMMENT '项目包名(不传使用默认包名 cn.com.mfish.web)',
  `table_comment` varchar(200) CHARACTER SET utf8mb4 COLLATE utf8mb4_general_ci NULL DEFAULT NULL COMMENT '表描述(不传会获取数据库表中的中文描述，如果也为空则使用表名)',
  `query_params` varchar(2000) CHARACTER SET utf8mb4 COLLATE utf8mb4_general_ci NULL DEFAULT NULL COMMENT 'Form查询条件(json串)',
  `create_by` varchar(50) CHARACTER SET utf8mb4 COLLATE utf8mb4_general_ci NULL DEFAULT '' COMMENT '创建用户',
  `create_time` datetime NULL DEFAULT NULL COMMENT '创建时间',
  `update_by` varchar(50) CHARACTER SET utf8mb4 COLLATE utf8mb4_general_ci NULL DEFAULT '' COMMENT '更新用户',
  `update_time` datetime NULL DEFAULT NULL COMMENT '更新时间',
  PRIMARY KEY (`id`) USING BTREE
) ENGINE = InnoDB AUTO_INCREMENT = 1 CHARACTER SET = utf8mb4 COLLATE = utf8mb4_general_ci COMMENT = '代码构建' ROW_FORMAT = DYNAMIC;

-- ----------------------------
-- Table structure for sys_config
-- ----------------------------
DROP TABLE IF EXISTS `sys_config`;
CREATE TABLE `sys_config`  (
  `id` bigint(20) NOT NULL AUTO_INCREMENT COMMENT '唯一ID',
  `user_id` varchar(36) CHARACTER SET utf8mb4 COLLATE utf8mb4_general_ci NULL DEFAULT NULL COMMENT '用户ID',
  `config` text CHARACTER SET utf8mb4 COLLATE utf8mb4_general_ci NULL COMMENT '配置信息',
  `create_by` varchar(50) CHARACTER SET utf8mb4 COLLATE utf8mb4_general_ci NULL DEFAULT '' COMMENT '创建用户',
  `create_time` datetime NULL DEFAULT NULL COMMENT '创建时间',
  `update_by` varchar(50) CHARACTER SET utf8mb4 COLLATE utf8mb4_general_ci NULL DEFAULT '' COMMENT '更新用户',
  `update_time` datetime NULL DEFAULT NULL COMMENT '更新时间',
  PRIMARY KEY (`id`) USING BTREE
) ENGINE = InnoDB AUTO_INCREMENT = 3 CHARACTER SET = utf8mb4 COLLATE = utf8mb4_general_ci COMMENT = '系统皮肤及配置' ROW_FORMAT = DYNAMIC;


-- ----------------------------
-- Table structure for sys_db_connect
-- ----------------------------
DROP TABLE IF EXISTS `sys_db_connect`;
CREATE TABLE `sys_db_connect`  (
  `id` varchar(36) CHARACTER SET utf8mb4 COLLATE utf8mb4_general_ci NOT NULL COMMENT '库信息id',
  `db_title` varchar(50) CHARACTER SET utf8mb4 COLLATE utf8mb4_general_ci NULL DEFAULT NULL COMMENT '数据库标题',
  `db_name` varchar(50) CHARACTER SET utf8mb4 COLLATE utf8mb4_general_ci NULL DEFAULT NULL COMMENT '数据库名',
  `db_type` tinyint(1) NULL DEFAULT NULL COMMENT '数据库类型（0 mysql 1 oracle 2 pgsql）',
  `pool_type` varchar(50) CHARACTER SET utf8mb4 COLLATE utf8mb4_general_ci NULL DEFAULT NULL COMMENT '连接池类型(Druid,Hikari)',
  `host` varchar(50) CHARACTER SET utf8mb4 COLLATE utf8mb4_general_ci NULL DEFAULT NULL COMMENT '主机',
  `port` varchar(10) CHARACTER SET utf8mb4 COLLATE utf8mb4_general_ci NULL DEFAULT NULL COMMENT '端口号',
  `username` varchar(50) CHARACTER SET utf8mb4 COLLATE utf8mb4_general_ci NULL DEFAULT NULL COMMENT '数据库登录用户名',
  `password` varchar(300) CHARACTER SET utf8mb4 COLLATE utf8mb4_general_ci NULL DEFAULT NULL COMMENT '数据库登录密码',
  `options` varchar(1000) CHARACTER SET utf8mb4 COLLATE utf8mb4_general_ci NULL DEFAULT NULL COMMENT '数据源配置项(JSON格式）',
  `remark` varchar(50) CHARACTER SET utf8mb4 COLLATE utf8mb4_general_ci NULL DEFAULT NULL COMMENT '备注',
  `create_by` varchar(50) CHARACTER SET utf8mb4 COLLATE utf8mb4_general_ci NULL DEFAULT NULL COMMENT '创建人',
  `create_time` datetime NULL DEFAULT NULL COMMENT '创建时间',
  `update_by` varchar(50) CHARACTER SET utf8mb4 COLLATE utf8mb4_general_ci NULL DEFAULT NULL COMMENT '修改人',
  `update_time` datetime NULL DEFAULT NULL COMMENT '修改时间',
  PRIMARY KEY (`id`) USING BTREE
) ENGINE = InnoDB CHARACTER SET = utf8mb4 COLLATE = utf8mb4_general_ci COMMENT = '数据库连接信息' ROW_FORMAT = DYNAMIC;


-- ----------------------------
-- Table structure for sys_dict
-- ----------------------------
DROP TABLE IF EXISTS `sys_dict`;
CREATE TABLE `sys_dict`  (
  `id` varchar(36) CHARACTER SET utf8 COLLATE utf8_general_ci NOT NULL COMMENT '唯一ID',
  `dict_name` varchar(100) CHARACTER SET utf8 COLLATE utf8_general_ci NULL DEFAULT '' COMMENT '字典名称',
  `dict_code` varchar(100) CHARACTER SET utf8 COLLATE utf8_general_ci NOT NULL DEFAULT '' COMMENT '字典编码',
  `status` int(1) NULL DEFAULT 0 COMMENT '状态(0正常 1停用)',
  `remark` varchar(500) CHARACTER SET utf8 COLLATE utf8_general_ci NULL DEFAULT NULL COMMENT '备注',
  `create_by` varchar(50) CHARACTER SET utf8mb4 COLLATE utf8mb4_general_ci NULL DEFAULT '' COMMENT '创建用户',
  `create_time` datetime NULL DEFAULT NULL COMMENT '创建时间',
  `update_by` varchar(50) CHARACTER SET utf8mb4 COLLATE utf8mb4_general_ci NULL DEFAULT '' COMMENT '更新用户',
  `update_time` datetime NULL DEFAULT NULL COMMENT '更新时间',
  PRIMARY KEY (`id`, `dict_code`) USING BTREE,
  UNIQUE INDEX `dict_code_index`(`dict_code`) USING BTREE
) ENGINE = InnoDB CHARACTER SET = utf8mb4 COLLATE = utf8mb4_general_ci COMMENT = '字典表' ROW_FORMAT = DYNAMIC;

-- ----------------------------
-- Records of sys_dict
-- ----------------------------
INSERT INTO `sys_dict` VALUES ('06907475960c4f544ccbe7f883b9387a', '租户状态', 'tenant_corp_status', 0, '租户状态', 'admin', '2023-06-13 17:33:43', '', NULL);
INSERT INTO `sys_dict` VALUES ('0bb92966ec419ed35b9cb46979867e69', '时区', 'sys_time_zone', 0, '所在时区', 'admin', '2023-02-21 18:05:37', 'admin', '2023-02-21 18:16:33');
INSERT INTO `sys_dict` VALUES ('193585c2417cfb3e4865501c2e608602', '数据库类型', 'sys_db_type', 0, '支持的数据库类型', 'admin', '2023-01-03 11:45:12', 'admin', '2023-01-03 11:46:12');
INSERT INTO `sys_dict` VALUES ('2627066fc33d283c7a1ca4123a31be2d', '请求来源', 'sys_req_source', 0, '请求来源信息', 'admin', '2023-02-02 11:40:32', '', NULL);
INSERT INTO `sys_dict` VALUES ('2fceca32c5098a60071574c61e0327fa', '调度任务状态', 'sys_job_status', 0, '任务执行状态', 'admin', '2023-02-28 16:57:48', '', NULL);
INSERT INTO `sys_dict` VALUES ('3be670398cf94f18c2631ab4df1e714e', '租户类型', 'tenant_corp_type', 0, '租户类型', 'admin', '2023-06-13 17:36:15', '', NULL);
INSERT INTO `sys_dict` VALUES ('4cc4c6a6c90c5534d11ae9d2db12902f', '数据库连接池', 'sys_db_pool', 0, '数据库连接池类型', 'admin', '2023-03-13 11:06:00', '', NULL);
INSERT INTO `sys_dict` VALUES ('55ccc731fe3958c4afca60cbd852a55f', '营业年限', 'tenant_corp_years', 0, '企业营业年限', 'admin', '2023-06-13 17:18:11', 'admin', '2023-06-13 17:33:55');
INSERT INTO `sys_dict` VALUES ('5665dd400700ebea77fcc6f8e39fc355', '请求类型', 'sys_req_type', 0, 'http请求类型', 'admin', '2023-01-09 15:53:31', 'admin', '2023-01-10 17:50:52');
INSERT INTO `sys_dict` VALUES ('5ed7c51e261ce27109e5f4948d40d6e2', 'Hikari连接池配置', 'db_pool_hikari', 0, 'Hikari连接池相关配置信息', 'admin', '2023-03-13 11:18:45', '', NULL);
INSERT INTO `sys_dict` VALUES ('6ddca50d9ddad44806ef18c3bf4721c9', '公式类型', 'nc_formula_type', 0, '对运算公式分类', 'admin', '2023-10-27 09:09:25', 'admin', '2023-10-27 09:09:25');
INSERT INTO `sys_dict` VALUES ('75ce8aab0fca2be5183770260d145c17', '认证方式', 'sso_grant_type', 0, '统一认证grant_type', 'admin', '2023-05-16 21:49:41', '', NULL);
INSERT INTO `sys_dict` VALUES ('81e4b91e932f0a671021a7eca2f665b9', '登录模式', 'sys_login_mode', 0, '登录模式 0 浏览器 1 微信', 'admin', '2023-03-09 14:48:59', '', NULL);
INSERT INTO `sys_dict` VALUES ('8a992d89a43f27fa2dbdf75871bd7e74', '所属行业', 'tenant_corp_trade', 0, '租户所属行业', 'admin', '2023-06-13 17:04:44', 'admin', '2023-06-15 22:32:41');
INSERT INTO `sys_dict` VALUES ('9bb402e2c751b3bf9358ef9acb3caf49', '调度任务', 'sys_job_type', 0, '调度任务类型', 'admin', '2023-02-21 10:44:15', 'admin', '2023-03-13 11:06:05');
INSERT INTO `sys_dict` VALUES ('ad7336dda270e6430565b313a741ffb7', '用户性别', 'sys_user_sex', 0, '用户性别字典', 'admin', '2023-01-04 16:08:35', 'admin', '2023-01-05 14:47:40');
INSERT INTO `sys_dict` VALUES ('c694f0f6feba27026044839b77d24caa', '日志操作', 'sys_log_type', 0, '日志操作类型', 'admin', '2023-01-09 11:27:05', 'admin', '2023-03-13 11:06:13');
INSERT INTO `sys_dict` VALUES ('d42259143fdd344b439fe39d3fffdefe', '企业规模', 'tenant_corp_size', 0, '企业公司规模', 'admin', '2023-06-13 17:10:14', 'admin', '2023-06-13 17:29:14');
INSERT INTO `sys_dict` VALUES ('d42d4e365a7b3d43f8c5cf37a523dbd5', 'Druid连接池配置', 'db_pool_druid', 0, 'Druid连接池相关配置项', 'admin', '2023-03-13 11:24:35', '', NULL);
INSERT INTO `sys_dict` VALUES ('dce08f2d436e6582ec58301a76fe11fa', '任务过期策略', 'sys_job_misfire', 0, '任务过期处理策略 1立即处理一次 2放弃处理', 'admin', '2023-02-21 11:22:32', 'admin', '2023-02-21 18:07:12');
INSERT INTO `sys_dict` VALUES ('e8e6e4c3f8e2fb775d6d083883e41839', '代码生成查询条件', 'sys_code_condition', 0, '代码生成的查询条件', 'admin', '2023-05-10 16:11:44', '', NULL);

-- ----------------------------
-- Table structure for sys_dict_item
-- ----------------------------
DROP TABLE IF EXISTS `sys_dict_item`;
CREATE TABLE `sys_dict_item`  (
  `id` varchar(36) CHARACTER SET utf8 COLLATE utf8_general_ci NOT NULL COMMENT '唯一ID',
  `dict_id` varchar(36) CHARACTER SET utf8mb4 COLLATE utf8mb4_general_ci NOT NULL COMMENT '字典ID',
  `dict_code` varchar(100) CHARACTER SET utf8 COLLATE utf8_general_ci NOT NULL DEFAULT '' COMMENT '字典编码',
  `dict_label` varchar(100) CHARACTER SET utf8 COLLATE utf8_general_ci NULL DEFAULT '' COMMENT '字典标签',
  `dict_value` varchar(200) CHARACTER SET utf8 COLLATE utf8_general_ci NULL DEFAULT '' COMMENT '字典键值',
  `value_type` tinyint(1) NULL DEFAULT 0 COMMENT '值类型(0字符 1数字 2布尔)',
  `dict_sort` int(11) NULL DEFAULT 0 COMMENT '字典排序',
  `color` varchar(50) CHARACTER SET utf8mb4 COLLATE utf8mb4_general_ci NULL DEFAULT NULL COMMENT '配色(用于前端显示)',
  `status` int(1) NULL DEFAULT 0 COMMENT '状态(0正常 1停用)',
  `remark` varchar(500) CHARACTER SET utf8 COLLATE utf8_general_ci NULL DEFAULT NULL COMMENT '备注',
  `create_by` varchar(50) CHARACTER SET utf8mb4 COLLATE utf8mb4_general_ci NULL DEFAULT '' COMMENT '创建用户',
  `create_time` datetime NULL DEFAULT NULL COMMENT '创建时间',
  `update_by` varchar(50) CHARACTER SET utf8mb4 COLLATE utf8mb4_general_ci NULL DEFAULT '' COMMENT '更新用户',
  `update_time` datetime NULL DEFAULT NULL COMMENT '更新时间',
  PRIMARY KEY (`id`) USING BTREE,
  INDEX `dict_code_index`(`dict_code`) USING BTREE
) ENGINE = InnoDB CHARACTER SET = utf8mb4 COLLATE = utf8mb4_general_ci COMMENT = '字典项' ROW_FORMAT = DYNAMIC;

-- ----------------------------
-- Records of sys_dict_item
-- ----------------------------
INSERT INTO `sys_dict_item` VALUES ('026de48a5c41ce981d0f941b510120b0', '6ddca50d9ddad44806ef18c3bf4721c9', 'nc_formula_type', '数字运算', 'num_op', 0, 2, '', 0, '', 'admin', '2023-10-27 09:17:47', 'admin', '2023-10-27 14:21:53');
INSERT INTO `sys_dict_item` VALUES ('027eb9340eafdcf78cc9b96cc211b6b3', 'd42d4e365a7b3d43f8c5cf37a523dbd5', 'db_pool_druid', 'maxEvictableIdleTimeMillis', '900000', 1, 7, NULL, 0, '配置一个连接在池中最大生存的时间，单位是毫秒', 'admin', '2023-03-13 11:27:11', '', NULL);
INSERT INTO `sys_dict_item` VALUES ('0625b88c24a5cd98e045a58679370249', 'c694f0f6feba27026044839b77d24caa', 'sys_log_type', '新增', '新增', 0, 3, 'blue', 0, NULL, 'admin', '2023-01-09 11:27:52', 'admin', '2023-01-09 16:11:41');
INSERT INTO `sys_dict_item` VALUES ('0737910a2d8f6eb55fe12e2a9be5032b', '0bb92966ec419ed35b9cb46979867e69', 'sys_time_zone', '日本/东京', 'Asia/Tokyo', 0, 3, '', 0, '', 'admin', '2023-02-21 18:09:59', 'admin', '2023-02-21 18:16:33');
INSERT INTO `sys_dict_item` VALUES ('07fb6036ee052bc745db8b58234159e9', 'e8e6e4c3f8e2fb775d6d083883e41839', 'sys_code_condition', '以开始', 'likeLeft', 0, 3, NULL, 0, NULL, 'admin', '2023-05-10 16:13:25', '', NULL);
INSERT INTO `sys_dict_item` VALUES ('0844e38fdb4aabbac30f365812e8457f', '06907475960c4f544ccbe7f883b9387a', 'tenant_corp_status', '正常', '0', 1, 1, 'green', 0, NULL, 'admin', '2023-06-13 17:34:26', 'admin', '2023-06-13 17:37:06');
INSERT INTO `sys_dict_item` VALUES ('0cc6971a3031faf34525bafae3609f0d', '0bb92966ec419ed35b9cb46979867e69', 'sys_time_zone', '中国/香港', 'Asia/Hong_Kong', 0, 2, '', 0, '', 'admin', '2023-02-21 18:13:04', 'admin', '2023-02-21 18:16:33');
INSERT INTO `sys_dict_item` VALUES ('0f11bb06b93b05e27f8a45d78765a243', '193585c2417cfb3e4865501c2e608602', 'sys_db_type', 'mysql', '0', 1, 1, 'blue', 0, 'mysql数据库', 'admin', '2023-01-03 16:40:55', 'admin', '2023-03-13 11:16:59');
INSERT INTO `sys_dict_item` VALUES ('11ea1ab1605e7c6271a0ccdfb750242e', '8a992d89a43f27fa2dbdf75871bd7e74', 'tenant_corp_trade', '公共设施管理业', '公共设施管理业', 0, 4, NULL, 0, NULL, 'admin', '2023-06-13 17:07:56', 'admin', '2023-06-15 22:32:40');
INSERT INTO `sys_dict_item` VALUES ('194522e5912d137781d6c2659d2c7c65', '8a992d89a43f27fa2dbdf75871bd7e74', 'tenant_corp_trade', '科技推广和应用服务业', '科技推广和应用服务业', 0, 2, NULL, 0, NULL, 'admin', '2023-06-13 17:06:31', 'admin', '2023-06-15 22:32:40');
INSERT INTO `sys_dict_item` VALUES ('1f00232f374a51bb9e38df469e95ca59', 'd42259143fdd344b439fe39d3fffdefe', 'tenant_corp_size', '500人以上', 'l', 0, 4, '', 0, '', 'admin', '2023-06-13 17:12:05', 'admin', '2023-06-13 17:29:14');
INSERT INTO `sys_dict_item` VALUES ('2065051b945805f8915ea68431c097ff', 'c694f0f6feba27026044839b77d24caa', 'sys_log_type', '查询', '查询', 0, 2, 'green', 0, NULL, 'admin', '2023-01-09 11:27:46', 'admin', '2023-01-09 15:21:07');
INSERT INTO `sys_dict_item` VALUES ('21497ae862c8446d8721d21176fe677e', '2627066fc33d283c7a1ca4123a31be2d', 'sys_req_source', '其他', '0', 1, 3, 'orange', 0, '其他来源', 'admin', '2023-02-02 11:41:01', 'admin', '2023-02-21 18:00:30');
INSERT INTO `sys_dict_item` VALUES ('2495904b9a026be7eed628988cc584f7', '55ccc731fe3958c4afca60cbd852a55f', 'tenant_corp_years', '三年以内', '3', 0, 1, NULL, 0, NULL, 'admin', '2023-06-13 17:20:46', 'admin', '2023-06-13 17:31:53');
INSERT INTO `sys_dict_item` VALUES ('24e063bd1bd5e0dd6c433682c277d42e', 'dce08f2d436e6582ec58301a76fe11fa', 'sys_job_misfire', '放弃执行', '2', 1, 2, 'red', 0, '不执行过期任务', 'admin', '2023-02-21 11:23:42', 'admin', '2023-02-21 18:07:12');
INSERT INTO `sys_dict_item` VALUES ('261b1fdc50de63e495cdb757b6d430e2', 'c694f0f6feba27026044839b77d24caa', 'sys_log_type', '删除', '删除', 0, 5, 'red', 0, NULL, 'admin', '2023-01-09 11:28:05', 'admin', '2023-01-09 15:23:00');
INSERT INTO `sys_dict_item` VALUES ('294a4554e02894c7dfe306df3051a03e', 'dce08f2d436e6582ec58301a76fe11fa', 'sys_job_misfire', '立即执行', '1', 1, 1, 'green', 0, '判断为过期后立即执行一次', 'admin', '2023-02-21 11:23:27', 'admin', '2023-02-21 18:07:12');
INSERT INTO `sys_dict_item` VALUES ('29cc4901b0f367b8f0f42582ae64c4c3', 'd42d4e365a7b3d43f8c5cf37a523dbd5', 'db_pool_druid', 'initialSize', '2', 1, 1, NULL, 0, '初始连接数', 'admin', '2023-03-13 11:25:14', '', NULL);
INSERT INTO `sys_dict_item` VALUES ('2adbaf3195bbab50fbd100ed6185e513', '2627066fc33d283c7a1ca4123a31be2d', 'sys_req_source', '后台用户', '1', 1, 1, 'blue', 0, '后台用户', 'admin', '2023-02-02 11:41:19', 'admin', '2023-02-21 18:00:23');
INSERT INTO `sys_dict_item` VALUES ('31552cd65ae98d64265506ef05b00907', '4cc4c6a6c90c5534d11ae9d2db12902f', 'sys_db_pool', 'Hikari', 'db_pool_hikari', 0, 2, 'green', 0, 'spring默认连接池', 'admin', '2023-03-13 11:11:24', 'admin', '2023-03-17 10:20:23');
INSERT INTO `sys_dict_item` VALUES ('317328ed4f375a6591283f10e0e1cec6', '0bb92966ec419ed35b9cb46979867e69', 'sys_time_zone', '美国/纽约', 'America/New_York', 0, 5, '', 0, '', 'admin', '2023-02-21 18:11:07', 'admin', '2023-02-21 18:16:33');
INSERT INTO `sys_dict_item` VALUES ('32438cecdad31c99e71000e3097d266f', 'd42d4e365a7b3d43f8c5cf37a523dbd5', 'db_pool_druid', 'maxActive', '10', 1, 3, NULL, 0, '最大连接池数', 'admin', '2023-03-13 11:25:47', 'admin', '2023-03-17 16:27:50');
INSERT INTO `sys_dict_item` VALUES ('32a0802dae2dfb32857efed0f4a6663f', '2fceca32c5098a60071574c61e0327fa', 'sys_job_status', '执行成功', '3', 1, 4, 'green', 0, '执行成功', 'admin', '2023-03-01 17:59:34', 'admin', '2023-03-01 18:00:11');
INSERT INTO `sys_dict_item` VALUES ('34b308bff053bbff3f82554565e0f8f8', 'd42d4e365a7b3d43f8c5cf37a523dbd5', 'db_pool_druid', 'maxPoolPreparedStatementPerConnectionSize', '20', 1, 12, '', 0, '游标缓存大小', 'admin', '2023-03-13 11:30:31', '', NULL);
INSERT INTO `sys_dict_item` VALUES ('3cd57f7e97d9bde410da9f2199dc35c5', '2fceca32c5098a60071574c61e0327fa', 'sys_job_status', '调度成功', '1', 1, 2, 'green', 0, NULL, 'admin', '2023-02-28 16:58:32', 'admin', '2023-03-01 17:59:00');
INSERT INTO `sys_dict_item` VALUES ('3cd68c5687d190e7b0a6242b162424a7', '5665dd400700ebea77fcc6f8e39fc355', 'sys_req_type', 'OPTIONS', 'OPTIONS', 0, 5, 'cyan', 0, '测试服务器的功能性', 'admin', '2023-01-10 18:01:42', 'admin', '2023-02-21 18:02:30');
INSERT INTO `sys_dict_item` VALUES ('3e34820c81d8a62752188740b22a3ebc', '9bb402e2c751b3bf9358ef9acb3caf49', 'sys_job_type', '本地任务', '0', 1, 1, 'green', 0, '实现方法写在调度中心的任务', 'admin', '2023-02-21 10:44:46', 'admin', '2023-02-21 17:44:35');
INSERT INTO `sys_dict_item` VALUES ('429ef23795434df72a0800b93399dd58', '9bb402e2c751b3bf9358ef9acb3caf49', 'sys_job_type', '消息任务', '2', 1, 3, 'orange', 0, '通过MQ消息发送任务，消费端处理', 'admin', '2023-02-21 10:48:33', 'admin', '2023-02-21 17:44:42');
INSERT INTO `sys_dict_item` VALUES ('42c2db7dc772a5d4026a9d5b59348417', '193585c2417cfb3e4865501c2e608602', 'sys_db_type', 'postgresql', '1', 1, 2, 'cyan', 0, 'pg数据库', 'admin', '2023-03-13 11:03:25', 'admin', '2023-03-24 23:02:04');
INSERT INTO `sys_dict_item` VALUES ('4447b34d5b8ac40fb762fdcd71dfe0b2', 'd42d4e365a7b3d43f8c5cf37a523dbd5', 'db_pool_druid', 'testOnBorrow', 'false', 2, 9, '', 0, '当应用向连接池申请连接时，连接池会判断这条连接是否是可用的', 'admin', '2023-03-13 11:28:13', 'admin', '2023-03-14 19:41:21');
INSERT INTO `sys_dict_item` VALUES ('449f7f3ff1bf55ddb8159f5d122e29c4', 'c694f0f6feba27026044839b77d24caa', 'sys_log_type', '其他操作', '其他操作', 0, 1, 'default', 0, NULL, 'admin', '2023-01-09 11:27:39', 'admin', '2023-02-21 18:03:01');
INSERT INTO `sys_dict_item` VALUES ('4795a7072f4213eeeee4d8bca2531dc8', 'e8e6e4c3f8e2fb775d6d083883e41839', 'sys_code_condition', '以结束', 'likeRight', 0, 4, NULL, 0, NULL, 'admin', '2023-05-10 16:13:39', '', NULL);
INSERT INTO `sys_dict_item` VALUES ('4a84be1783171797e3cf1712f014b461', '0bb92966ec419ed35b9cb46979867e69', 'sys_time_zone', '中国/上海', 'Asia/Shanghai', 0, 1, NULL, 0, NULL, 'admin', '2023-02-21 18:05:55', 'admin', '2023-02-21 18:16:33');
INSERT INTO `sys_dict_item` VALUES ('4f9003f0afecb5a68b22f05d1e1ea0e7', 'd42d4e365a7b3d43f8c5cf37a523dbd5', 'db_pool_druid', 'testOnReturn', 'false', 2, 10, '', 0, '归还连接时是否会进行检查，检查不通过，销毁', 'admin', '2023-03-13 11:28:34', 'admin', '2023-03-14 19:44:29');
INSERT INTO `sys_dict_item` VALUES ('515e0a34aec2beea8733d83083c53ea5', '2fceca32c5098a60071574c61e0327fa', 'sys_job_status', '开始', '0', 1, 1, 'blue', 0, NULL, 'admin', '2023-02-28 16:58:12', 'admin', '2023-02-28 17:04:30');
INSERT INTO `sys_dict_item` VALUES ('577d84183407984f104f3b71509623b8', 'd42d4e365a7b3d43f8c5cf37a523dbd5', 'db_pool_druid', 'testWhileIdle', 'true', 2, 8, NULL, 0, '当应用向连接池申请连接，并且testOnBorrow为false时，连接池将会判断连接是否处于空闲状态，如果是，则验证这条连接是否可用。', 'admin', '2023-03-13 11:27:33', 'admin', '2023-03-14 19:41:17');
INSERT INTO `sys_dict_item` VALUES ('5bfc739984836091b77b298d9a605181', '5665dd400700ebea77fcc6f8e39fc355', 'sys_req_type', 'DELETE', 'DELETE', 0, 4, 'red', 0, '删除', 'admin', '2023-01-09 16:13:42', 'admin', '2023-02-21 18:02:06');
INSERT INTO `sys_dict_item` VALUES ('5c24ec491e462910d3123ac7efffdac2', 'c694f0f6feba27026044839b77d24caa', 'sys_log_type', '登录', '登录', 0, 9, 'orange', 0, NULL, 'admin', '2023-01-09 11:28:39', 'admin', '2023-01-09 15:23:43');
INSERT INTO `sys_dict_item` VALUES ('60f7b458a56b372bcd4c8d797faf926e', 'c694f0f6feba27026044839b77d24caa', 'sys_log_type', '登出', '登出', 0, 10, 'red', 0, NULL, 'admin', '2023-01-09 11:28:50', 'admin', '2023-01-09 15:23:36');
INSERT INTO `sys_dict_item` VALUES ('645349eb7dc061b452b1229c111eef20', '75ce8aab0fca2be5183770260d145c17', 'sso_grant_type', 'authorization_code', 'authorization_code', 0, 1, 'green', 0, 'authorization_code回调认证方式', 'admin', '2023-05-16 21:50:21', 'admin', '2023-05-18 10:20:06');
INSERT INTO `sys_dict_item` VALUES ('64bcbb1e944d09c0357e74d121e7f456', '55ccc731fe3958c4afca60cbd852a55f', 'tenant_corp_years', '十年以上', '100', 0, 4, '', 0, '', 'admin', '2023-06-13 17:22:07', 'admin', '2023-06-13 17:32:02');
INSERT INTO `sys_dict_item` VALUES ('655b8b163d3203409a2ef96ee34aa979', '8a992d89a43f27fa2dbdf75871bd7e74', 'tenant_corp_trade', '软件和信息技术服务业', '软件和信息技术服务业', 0, 1, NULL, 0, NULL, 'admin', '2023-06-13 17:05:33', 'admin', '2023-06-15 22:32:40');
INSERT INTO `sys_dict_item` VALUES ('6c4f687dc49bf0f4e881d5768fd9ed4d', 'c694f0f6feba27026044839b77d24caa', 'sys_log_type', '修改', '修改', 0, 4, 'purple', 0, NULL, 'admin', '2023-01-09 11:27:58', 'admin', '2023-01-09 16:11:35');
INSERT INTO `sys_dict_item` VALUES ('6f45f21f466658f51bdbb942f3a679b7', 'c694f0f6feba27026044839b77d24caa', 'sys_log_type', '导出', '导出', 0, 8, '#87d068', 0, NULL, 'admin', '2023-01-09 11:28:30', 'admin', '2023-01-09 15:26:03');
INSERT INTO `sys_dict_item` VALUES ('6f56bed8bc66030e416df6b4b5805e6e', '5ed7c51e261ce27109e5f4948d40d6e2', 'db_pool_hikari', 'autoCommit', 'true', 2, 3, '', 0, '自动提交', 'admin', '2023-03-13 11:21:18', 'admin', '2023-03-14 20:26:24');
INSERT INTO `sys_dict_item` VALUES ('6f685f59734340254967d4dbb9bfdfba', '3be670398cf94f18c2631ab4df1e714e', 'tenant_corp_type', '企业', '1', 1, 2, 'green', 0, NULL, 'admin', '2023-06-13 17:36:56', '', NULL);
INSERT INTO `sys_dict_item` VALUES ('71ffe8bcad36849000f6e5e5124914ef', '0bb92966ec419ed35b9cb46979867e69', 'sys_time_zone', '英国/伦敦', 'Europe/London', 0, 4, '', 0, '', 'admin', '2023-02-21 18:10:31', 'admin', '2023-02-21 18:16:33');
INSERT INTO `sys_dict_item` VALUES ('731a23dbfd6ec285c9c81ab2a29b43b1', 'c694f0f6feba27026044839b77d24caa', 'sys_log_type', '授权', '授权', 0, 6, 'cyan', 0, NULL, 'admin', '2023-01-09 11:28:16', 'admin', '2023-01-09 16:11:27');
INSERT INTO `sys_dict_item` VALUES ('738f704265393a8ac4cb5c536a5bc6e4', '4cc4c6a6c90c5534d11ae9d2db12902f', 'sys_db_pool', '无连接池', 'db_no_pool', 0, 1, 'red', 0, '不使用连接池', 'admin', '2023-03-13 11:12:14', 'admin', '2023-03-17 10:20:17');
INSERT INTO `sys_dict_item` VALUES ('750f4ff9eb1bdce42b04690d0abd929d', '81e4b91e932f0a671021a7eca2f665b9', 'sys_login_mode', '浏览器', '0', 1, 1, 'blue', 0, 'web浏览器登录', 'admin', '2023-03-09 14:49:31', '', NULL);
INSERT INTO `sys_dict_item` VALUES ('75d8887dbeb5a0ca4d20ea445139e97a', 'c694f0f6feba27026044839b77d24caa', 'sys_log_type', '导入', '导入', 0, 7, '#2db7f5', 0, NULL, 'admin', '2023-01-09 11:28:23', 'admin', '2023-01-09 15:25:53');
INSERT INTO `sys_dict_item` VALUES ('83bb1fc1addafe499342df7033c957ce', 'd42d4e365a7b3d43f8c5cf37a523dbd5', 'db_pool_druid', 'minIdle', '1', 1, 2, NULL, 0, '最小连接池数', 'admin', '2023-03-13 11:25:31', '', NULL);
INSERT INTO `sys_dict_item` VALUES ('86353dd3e85438e846b704c3af0e7726', '5ed7c51e261ce27109e5f4948d40d6e2', 'db_pool_hikari', 'minimumIdle', '2', 1, 1, NULL, 0, '连接池中允许的最小连接数最小连接数', 'admin', '2023-03-13 11:19:29', '', NULL);
INSERT INTO `sys_dict_item` VALUES ('873f7ffd87720589519d1aded006d13f', '06907475960c4f544ccbe7f883b9387a', 'tenant_corp_status', '注销', '1', 1, 2, 'red', 0, NULL, 'admin', '2023-06-13 17:34:43', 'admin', '2023-06-13 17:37:10');
INSERT INTO `sys_dict_item` VALUES ('8c75eb1f6f1cddafc1e39f53e0195221', '8a992d89a43f27fa2dbdf75871bd7e74', 'tenant_corp_trade', '医药制造业', '医药制造业', 0, 3, NULL, 0, NULL, 'admin', '2023-06-13 17:07:27', 'admin', '2023-06-15 22:32:40');
INSERT INTO `sys_dict_item` VALUES ('8caa80cc0c116e6407caa1efc5c567d5', 'e8e6e4c3f8e2fb775d6d083883e41839', 'sys_code_condition', '等于', 'eq', 0, 1, NULL, 0, NULL, 'admin', '2023-05-10 16:12:10', '', NULL);
INSERT INTO `sys_dict_item` VALUES ('8d0e789e6e63e994b31750ad9cb637b4', '193585c2417cfb3e4865501c2e608602', 'sys_db_type', 'oracle', '2', 1, 3, 'green', 0, 'oracle数据库', 'admin', '2023-01-04 17:32:59', 'admin', '2023-03-24 23:02:09');
INSERT INTO `sys_dict_item` VALUES ('90bb0f58b82df5d13c66169fd748faf8', '2fceca32c5098a60071574c61e0327fa', 'sys_job_status', '调度失败', '2', 1, 3, 'red', 0, NULL, 'admin', '2023-02-28 16:58:45', 'admin', '2023-03-01 17:59:08');
INSERT INTO `sys_dict_item` VALUES ('93a1cdf50fe9f17e399cf663193a7a1f', '5665dd400700ebea77fcc6f8e39fc355', 'sys_req_type', 'GET', 'GET', 0, 1, 'green', 0, '查询', 'admin', '2023-01-09 16:10:49', 'admin', '2023-02-21 18:01:56');
INSERT INTO `sys_dict_item` VALUES ('9641bcf7cdd3f2625633d8fb9837f398', '3be670398cf94f18c2631ab4df1e714e', 'tenant_corp_type', '个人', '0', 1, 1, 'blue', 0, NULL, 'admin', '2023-06-13 17:36:41', '', NULL);
INSERT INTO `sys_dict_item` VALUES ('99c1c3f642ddee2846220373b30d892d', 'd42d4e365a7b3d43f8c5cf37a523dbd5', 'db_pool_druid', 'validationQuery', 'SELECT 1 FROM DUAL', 0, 15, '', 0, '配置检测连接是否有效', 'admin', '2023-03-13 11:33:22', '', NULL);
INSERT INTO `sys_dict_item` VALUES ('9b97258d3f744dfa941c1b1137ce7c86', '4cc4c6a6c90c5534d11ae9d2db12902f', 'sys_db_pool', 'Druid', 'db_pool_druid', 0, 3, 'blue', 0, '阿里德鲁伊连接池', 'admin', '2023-03-13 11:07:07', 'admin', '2023-03-17 10:20:25');
INSERT INTO `sys_dict_item` VALUES ('a1e906c9654de787edafbd05a147eed3', '9bb402e2c751b3bf9358ef9acb3caf49', 'sys_job_type', 'RPC远程任务', '1', 1, 2, 'blue', 0, 'RPC调度尽量不要调用时间过长的任务，一般用于服务之间简单通知', 'admin', '2023-02-21 10:47:13', 'admin', '2023-02-21 17:44:39');
INSERT INTO `sys_dict_item` VALUES ('a3095db9883574674d2f9fb366f10f52', '5ed7c51e261ce27109e5f4948d40d6e2', 'db_pool_hikari', 'connectionTestQuery', 'SELECT 1', 0, 7, '', 0, '数据库连接测试语句', 'admin', '2023-03-13 11:23:36', '', NULL);
INSERT INTO `sys_dict_item` VALUES ('a8061138a5828b8fe18d302475928f2b', 'd42d4e365a7b3d43f8c5cf37a523dbd5', 'db_pool_druid', 'timeBetweenEvictionRunsMillis', '60000', 1, 5, NULL, 0, '配置间隔多久才进行一次检测，检测需要关闭的空闲连接，单位是毫秒', 'admin', '2023-03-13 11:26:27', '', NULL);
INSERT INTO `sys_dict_item` VALUES ('acbac95a5e0990f96ae6308ff68d693c', '75ce8aab0fca2be5183770260d145c17', 'sso_grant_type', 'refresh_token', 'refresh_token', 0, 3, 'cyan', 0, 'refresh_token刷新token方式', 'admin', '2023-05-16 21:51:01', 'admin', '2023-05-18 10:20:18');
INSERT INTO `sys_dict_item` VALUES ('be3c4fd10bb7a6691ca9cc2dc55c038d', 'd42d4e365a7b3d43f8c5cf37a523dbd5', 'db_pool_druid', 'connectionProperties', 'druid.stat.mergeSql=false;druid.stat.slowSqlMillis=5000', 0, 14, '', 0, '打开mergeSql功能；慢SQL记录', 'admin', '2023-03-13 11:32:33', 'admin', '2023-03-13 11:32:58');
INSERT INTO `sys_dict_item` VALUES ('bf8ded2aadd49b2822ce6799070f8164', '81e4b91e932f0a671021a7eca2f665b9', 'sys_login_mode', '微信', '1', 1, 2, 'green', 0, '微信小程序登录', 'admin', '2023-03-09 14:49:57', '', NULL);
INSERT INTO `sys_dict_item` VALUES ('bfc4e183ac3bd15a3cbc9b5cd5116763', '2627066fc33d283c7a1ca4123a31be2d', 'sys_req_source', '手机用户', '2', 1, 2, 'pink', 0, '手机用户', 'admin', '2023-02-02 11:41:49', 'admin', '2023-02-21 18:00:26');
INSERT INTO `sys_dict_item` VALUES ('c1135debd21467001fd69c21df6c6c10', '5ed7c51e261ce27109e5f4948d40d6e2', 'db_pool_hikari', 'connectionTimeout', '30000', 0, 6, '', 0, '待连接池分配连接的最大时长（毫秒），超过这个时长还没可用的连接则发生SQLException', 'admin', '2023-03-13 11:23:15', '', NULL);
INSERT INTO `sys_dict_item` VALUES ('c9ff23502c59bff661479755f842105b', '5ed7c51e261ce27109e5f4948d40d6e2', 'db_pool_hikari', 'maximumPoolSize', '10', 1, 2, NULL, 0, '最大连接数，包括闲置和使用中的连接， 如果maxPoolSize小于1，则会被重置，当minIdle0则重置为minIdle的值', 'admin', '2023-03-13 11:20:24', 'admin', '2023-03-17 16:44:36');
INSERT INTO `sys_dict_item` VALUES ('ce8059c1fb3b533339f6bdccc17e0046', 'ad7336dda270e6430565b313a741ffb7', 'sys_user_sex', '男', '1', 1, 1, 'green', 0, '男性', 'admin', '2023-01-04 17:31:35', 'admin', '2023-01-09 16:09:49');
INSERT INTO `sys_dict_item` VALUES ('cf2899ae2d41fd29b5cef8de005098e7', '5665dd400700ebea77fcc6f8e39fc355', 'sys_req_type', 'PUT', 'PUT', 0, 3, 'purple', 0, '修改', 'admin', '2023-01-09 16:12:11', 'admin', '2023-02-21 18:02:03');
INSERT INTO `sys_dict_item` VALUES ('d48596048bd2bd62c5844e4bc5d70208', 'd42d4e365a7b3d43f8c5cf37a523dbd5', 'db_pool_druid', 'maxWait', '60000', 1, 4, NULL, 0, '获取连接等待超时的时间', 'admin', '2023-03-13 11:26:06', '', NULL);
INSERT INTO `sys_dict_item` VALUES ('d53cec8854c1a92c33059caffcb6af00', '5ed7c51e261ce27109e5f4948d40d6e2', 'db_pool_hikari', 'maxLifetime', '300000', 1, 5, '', 0, '一个连接的生命时长（毫秒），超时而且没被使用则被释放（retired）； 缺省:30分钟，建议设置比数据库超时时长少30秒', 'admin', '2023-03-13 11:22:15', '', NULL);
INSERT INTO `sys_dict_item` VALUES ('d563a2b3f99baff573193c81a96bacf6', 'd42d4e365a7b3d43f8c5cf37a523dbd5', 'db_pool_druid', 'filters', 'stat,wall', 0, 13, '', 0, '配置监控统计拦截的filters，去掉后监控界面sql无法统计，\'wall\'用于防火墙', 'admin', '2023-03-13 11:31:47', '', NULL);
INSERT INTO `sys_dict_item` VALUES ('d781dcc93f41b65dd5f44bb48a69a57c', '55ccc731fe3958c4afca60cbd852a55f', 'tenant_corp_years', '五年以内', '5', 0, 2, NULL, 0, NULL, 'admin', '2023-06-13 17:21:00', 'admin', '2023-06-13 17:31:57');
INSERT INTO `sys_dict_item` VALUES ('d82a25d50542f74cd2fef5cc7f04e9aa', '6ddca50d9ddad44806ef18c3bf4721c9', 'nc_formula_type', '高级功能', 'advance_op', 0, 4, NULL, 0, NULL, 'admin', '2023-12-24 16:40:20', 'admin', '2023-12-24 16:40:20');
INSERT INTO `sys_dict_item` VALUES ('df72218dba18e67c91dc2e12493b15ed', 'd42d4e365a7b3d43f8c5cf37a523dbd5', 'db_pool_druid', 'poolPreparedStatements', 'true', 2, 11, '', 0, '是否缓存游标', 'admin', '2023-03-13 11:30:08', 'admin', '2023-03-14 20:26:08');
INSERT INTO `sys_dict_item` VALUES ('e1ce7b2d2de8f28789a30cce64ebd5d3', 'd42259143fdd344b439fe39d3fffdefe', 'tenant_corp_size', '100到300人', 's', 0, 2, NULL, 0, NULL, 'admin', '2023-06-13 17:11:27', 'admin', '2023-06-13 17:29:14');
INSERT INTO `sys_dict_item` VALUES ('e27a2f5ecad5a50a7d788756da095245', 'd42d4e365a7b3d43f8c5cf37a523dbd5', 'db_pool_druid', 'minEvictableIdleTimeMillis', '300000', 1, 6, NULL, 0, '配置一个连接在池中最小生存的时间，单位是毫秒', 'admin', '2023-03-13 11:26:48', '', NULL);
INSERT INTO `sys_dict_item` VALUES ('e27c1ecf50054eb7e0263d3b9580f469', '6ddca50d9ddad44806ef18c3bf4721c9', 'nc_formula_type', '日期处理', 'date_op', 0, 3, '', 0, '', 'admin', '2023-10-27 09:19:16', 'admin', '2023-10-27 14:22:00');
INSERT INTO `sys_dict_item` VALUES ('e3431f70eafa566d0aa0ced7a9b11552', 'd42259143fdd344b439fe39d3fffdefe', 'tenant_corp_size', '300到500人', 'm', 0, 3, '', 0, '', 'admin', '2023-06-13 17:11:48', 'admin', '2023-06-13 17:29:14');
INSERT INTO `sys_dict_item` VALUES ('e534f060f0969be49a93254796a2a24b', 'd42259143fdd344b439fe39d3fffdefe', 'tenant_corp_size', '100人以下', 'xs', 0, 1, NULL, 0, NULL, 'admin', '2023-06-13 17:10:45', 'admin', '2023-06-13 17:29:14');
INSERT INTO `sys_dict_item` VALUES ('eadbf511b6dfe30b72c4fcad6f10680c', '2fceca32c5098a60071574c61e0327fa', 'sys_job_status', '执行失败', '4', 0, 5, 'red', 0, '异步执行失败', 'admin', '2023-03-01 18:00:03', '', NULL);
INSERT INTO `sys_dict_item` VALUES ('ec9cfc538a91de2f61829e61064d636b', 'ad7336dda270e6430565b313a741ffb7', 'sys_user_sex', '女', '1', 1, 2, 'red', 0, '女性', 'admin', '2023-01-04 17:31:53', 'admin', '2023-01-09 16:09:52');
INSERT INTO `sys_dict_item` VALUES ('f12c3e6c95f16dfd35e80c8c7101504e', '5ed7c51e261ce27109e5f4948d40d6e2', 'db_pool_hikari', 'idleTimeout', '60000', 1, 4, '', 0, '一个连接idle状态的最大时长（毫秒），超时则被释放（retired）', 'admin', '2023-03-13 11:21:46', 'admin', '2023-03-13 11:22:47');
INSERT INTO `sys_dict_item` VALUES ('f3b5faffba629cc8e07e5d57d76e4e49', '55ccc731fe3958c4afca60cbd852a55f', 'tenant_corp_years', '十年以内', '10', 0, 3, '', 0, '', 'admin', '2023-06-13 17:21:32', 'admin', '2023-06-13 17:32:00');
INSERT INTO `sys_dict_item` VALUES ('f442a8f38c5ce32b6b05c640cc3ecc2b', 'e8e6e4c3f8e2fb775d6d083883e41839', 'sys_code_condition', '包含', 'like', 0, 2, NULL, 0, NULL, 'admin', '2023-05-10 16:12:34', '', NULL);
INSERT INTO `sys_dict_item` VALUES ('f84c6e754d183f40a4b1d7a5b72371c7', '75ce8aab0fca2be5183770260d145c17', 'sso_grant_type', 'password', 'password', 0, 2, 'blue', 0, '帐号密码认证方式', 'admin', '2023-05-16 21:50:40', 'admin', '2023-05-18 10:20:12');
INSERT INTO `sys_dict_item` VALUES ('f88a8a4a391e3ae455ba6d8157f22260', '5665dd400700ebea77fcc6f8e39fc355', 'sys_req_type', 'POST', 'POST', 0, 2, 'blue', 0, '新增', 'admin', '2023-01-09 16:12:41', 'admin', '2023-02-21 18:02:00');
INSERT INTO `sys_dict_item` VALUES ('fae13a8680a44565b4ffab652c7c9d6b', '6ddca50d9ddad44806ef18c3bf4721c9', 'nc_formula_type', '字符处理', 'char_op', 0, 1, NULL, 0, NULL, 'admin', '2023-10-27 09:12:06', 'admin', '2023-10-27 14:21:43');

-- ----------------------------
-- Table structure for sys_log
-- ----------------------------
DROP TABLE IF EXISTS `sys_log`;
CREATE TABLE `sys_log`  (
  `id` bigint(20) NOT NULL AUTO_INCREMENT COMMENT '日志ID',
  `title` varchar(50) CHARACTER SET utf8mb4 COLLATE utf8mb4_general_ci NULL DEFAULT '' COMMENT '中文标题',
  `method` varchar(100) CHARACTER SET utf8mb4 COLLATE utf8mb4_general_ci NULL DEFAULT '' COMMENT '方法',
  `req_type` varchar(10) CHARACTER SET utf8mb4 COLLATE utf8mb4_general_ci NULL DEFAULT '' COMMENT '请求类型',
  `req_uri` varchar(255) CHARACTER SET utf8mb4 COLLATE utf8mb4_general_ci NULL DEFAULT '' COMMENT '请求路径',
  `req_param` text CHARACTER SET utf8mb4 COLLATE utf8mb4_general_ci NULL COMMENT '请求参数',
  `req_source` int(1) NULL DEFAULT 0 COMMENT '请求来源（0其它 1后台用户 2手机端用户）',
  `oper_type` varchar(20) CHARACTER SET utf8mb4 COLLATE utf8mb4_general_ci NULL DEFAULT '0' COMMENT '操作类型（0其它 1查询 2新增 3修改 4删除 5授权 6导入 7导出...）',
  `oper_ip` varchar(128) CHARACTER SET utf8mb4 COLLATE utf8mb4_general_ci NULL DEFAULT '' COMMENT '操作IP',
  `oper_status` int(1) NULL DEFAULT 0 COMMENT '操作状态（0正常 1异常）',
  `remark` text CHARACTER SET utf8mb4 COLLATE utf8mb4_general_ci NULL COMMENT '返回信息',
  `create_by` varchar(50) CHARACTER SET utf8mb4 COLLATE utf8mb4_general_ci NULL DEFAULT '' COMMENT '创建用户',
  `create_time` datetime NULL DEFAULT NULL COMMENT '创建时间',
  `update_by` varchar(50) CHARACTER SET utf8mb4 COLLATE utf8mb4_general_ci NULL DEFAULT '' COMMENT '更新用户',
  `update_time` datetime NULL DEFAULT NULL COMMENT '更新时间',
  PRIMARY KEY (`id`) USING BTREE,
  INDEX `create_time_index`(`create_time`) USING BTREE COMMENT '操作时间索引'
) ENGINE = InnoDB AUTO_INCREMENT = 38051 CHARACTER SET = utf8mb4 COLLATE = utf8mb4_general_ci COMMENT = '系统日志' ROW_FORMAT = DYNAMIC;

-- ----------------------------
-- Records of sys_log
-- ----------------------------

-- ----------------------------
-- Table structure for sys_storage
-- ----------------------------
DROP TABLE IF EXISTS `sys_storage`;
CREATE TABLE `sys_storage`  (
  `id` varchar(36) CHARACTER SET utf8mb4 COLLATE utf8mb4_general_ci NOT NULL COMMENT '唯一ID',
  `file_key` varchar(100) CHARACTER SET utf8mb4 COLLATE utf8mb4_general_ci NOT NULL COMMENT '文件的唯一索引',
  `file_name` varchar(255) CHARACTER SET utf8mb4 COLLATE utf8mb4_general_ci NOT NULL COMMENT '文件名',
  `file_type` varchar(100) CHARACTER SET utf8mb4 COLLATE utf8mb4_general_ci NOT NULL COMMENT '文件类型',
  `file_size` int(11) NULL DEFAULT NULL COMMENT '文件大小',
  `file_url` varchar(500) CHARACTER SET utf8mb4 COLLATE utf8mb4_general_ci NULL DEFAULT NULL COMMENT '文件访问链接',
  `file_path` varchar(500) CHARACTER SET utf8mb4 COLLATE utf8mb4_general_ci NULL DEFAULT NULL COMMENT '存储路径',
  `is_private` tinyint(1) NULL DEFAULT 0 COMMENT '是否私密文件 0为公开的  1为私密文件',
  `del_flag` tinyint(1) NULL DEFAULT 0 COMMENT '删除标记(0未删除1删除)',
  `create_by` varchar(50) CHARACTER SET utf8mb4 COLLATE utf8mb4_general_ci NULL DEFAULT '' COMMENT '创建用户',
  `create_time` datetime NULL DEFAULT NULL COMMENT '创建时间',
  `update_by` varchar(50) CHARACTER SET utf8mb4 COLLATE utf8mb4_general_ci NULL DEFAULT '' COMMENT '更新用户',
  `update_time` datetime NULL DEFAULT NULL COMMENT '更新时间',
  PRIMARY KEY (`id`) USING BTREE,
  INDEX `key`(`file_key`) USING BTREE
) ENGINE = InnoDB CHARACTER SET = utf8mb4 COLLATE = utf8mb4_general_ci COMMENT = '文件存储表' ROW_FORMAT = DYNAMIC;


SET FOREIGN_KEY_CHECKS = 1;
